Winner Seed,Winner,Loser Seed,Loser,Score,Tournament,Tournament Code,Tournament Pretty Name,Year,Type
2,Wally Masur,11,Juan Farrow,62 46 76,perth,243,Perth,1983,challenger
2,Wally Masur,12,Dave Siegler,63 75,perth,243,Perth,1983,challenger
11,Juan Farrow,3,Eddie Edwards,26 64 76,perth,243,Perth,1983,challenger
2,Wally Masur,6,Broderick Dyke,63 60,perth,243,Perth,1983,challenger
3,Eddie Edwards,5,Wayne Hampson,76 61,perth,243,Perth,1983,challenger
12,Dave Siegler,9,Peter Johnston,26 76 64,perth,243,Perth,1983,challenger
11,Juan Farrow,,Ken Barton,62 62,perth,243,Perth,1983,challenger
2,Wally Masur,15,Jonathan Canter,62 76,perth,243,Perth,1983,challenger
3,Eddie Edwards,16,John Frawley,26 62 62,perth,243,Perth,1983,challenger
5,Wayne Hampson,13,John McCurdy,76 67 75,perth,243,Perth,1983,challenger
6,Broderick Dyke,,Eduardo Oncins,36 75 64,perth,243,Perth,1983,challenger
9,Peter Johnston,,Sean Brawley,64 64,perth,243,Perth,1983,challenger
11,Juan Farrow,,John Stoddart,60 61,perth,243,Perth,1983,challenger
12,Dave Siegler,,Bill Maze,46 63 76,perth,243,Perth,1983,challenger
,Ken Barton,,Peter Doohan,62 76,perth,243,Perth,1983,challenger
2,Wally Masur,,Alessandro De Minicis,63 60,perth,243,Perth,1983,challenger
3,Eddie Edwards,,Michael Fancutt,62 46 64,perth,243,Perth,1983,challenger
5,Wayne Hampson,,Lawrence Hall,76 67 62,perth,243,Perth,1983,challenger
6,Broderick Dyke,,Simon Youl,63 63,perth,243,Perth,1983,challenger
,Sean Brawley,7,Rand Evett,46 63 62,perth,243,Perth,1983,challenger
9,Peter Johnston,Q,Bill Gilmour,63 63,perth,243,Perth,1983,challenger
,Peter Doohan,10,Syd Ball,62 76,perth,243,Perth,1983,challenger
11,Juan Farrow,,Bruno Capineri,62 64,perth,243,Perth,1983,challenger
12,Dave Siegler,,Laurie Warder,64 63,perth,243,Perth,1983,challenger
13,John McCurdy,,David Graham,76 63,perth,243,Perth,1983,challenger
15,Jonathan Canter,,Ross Case,63 61,perth,243,Perth,1983,challenger
16,John Frawley,,Joe Meyers,67 64 76,perth,243,Perth,1983,challenger
,Ken Barton,,Mark Freedman,63 75,perth,243,Perth,1983,challenger
,Bill Maze,,John Benson,64 76,perth,243,Perth,1983,challenger
,Eduardo Oncins,,Carl Limberger,63 63,perth,243,Perth,1983,challenger
,John Stoddart,,Adrian Targett,62 64,perth,243,Perth,1983,challenger
,Mark Freedman,1,Craig A Miller,75 64,perth,243,Perth,1983,challenger
2,Wally Masur,Q,Graham Riddle,76 63,perth,243,Perth,1983,challenger
3,Eddie Edwards,Q,Peter Dellavedova,62 62,perth,243,Perth,1983,challenger
,John Benson,4,Chris Johnstone,63 46 76,perth,243,Perth,1983,challenger
5,Wayne Hampson,,Roger Grant,67 62 63,perth,243,Perth,1983,challenger
6,Broderick Dyke,,Mark Kratzmann,60 75,perth,243,Perth,1983,challenger
7,Rand Evett,,Chris Tregonning,67 64 64,perth,243,Perth,1983,challenger
9,Peter Johnston,,Gerald Mild,64 62,perth,243,Perth,1983,challenger
10,Syd Ball,,Brad Properjohn,76 63,perth,243,Perth,1983,challenger
11,Juan Farrow,,Peter Lebedevs,62 64,perth,243,Perth,1983,challenger
12,Dave Siegler,,Hans Hansson,36 64 63,perth,243,Perth,1983,challenger
13,John McCurdy,Q,Christian Schatz,64 63,perth,243,Perth,1983,challenger
,Eduardo Oncins,14,Mike Barr,63 62,perth,243,Perth,1983,challenger
15,Jonathan Canter,,Jamie Harty,(W/O),perth,243,Perth,1983,challenger
16,John Frawley,,Rodney Crowley,57 63 64,perth,243,Perth,1983,challenger
,Ken Barton,,Robert Crames,64 63,perth,243,Perth,1983,challenger
,Sean Brawley,,Craig Tregonning,63 61,perth,243,Perth,1983,challenger
,Bruno Capineri,Q,Peter Rigg,63 46 62,perth,243,Perth,1983,challenger
,Ross Case,,Peter Carter,64 62,perth,243,Perth,1983,challenger
,Alessandro De Minicis,,Jeff Lee,63 67 64,perth,243,Perth,1983,challenger
,Peter Doohan,,Matthew McDonald,62 62,perth,243,Perth,1983,challenger
,Michael Fancutt,,Stephen Thompson,36 63 76,perth,243,Perth,1983,challenger
Q,Bill Gilmour,,Robert Casey,64 75,perth,243,Perth,1983,challenger
,David Graham,,Wes Horskins,63 64,perth,243,Perth,1983,challenger
,Lawrence Hall,,Thierry Purini,63 64,perth,243,Perth,1983,challenger
,Carl Limberger,,Martin Guntrip,75 63,perth,243,Perth,1983,challenger
,Bill Maze,,Toru Yonezawa,64 64,perth,243,Perth,1983,challenger
,Joe Meyers,,Tony Withers,61 61,perth,243,Perth,1983,challenger
,John Stoddart,,David Shaw,61 62,perth,243,Perth,1983,challenger
,Adrian Targett,Q,Nick Brown,76 76,perth,243,Perth,1983,challenger
,Laurie Warder,Q,Richard Fricker,62 62,perth,243,Perth,1983,challenger
,Simon Youl,,Mark Hartnett,62 64,perth,243,Perth,1983,challenger
,Michiel Schapers,,John Austin,63 64,medellin,252,Nairobi,1983,challenger
,John Austin,,Gerald Mild,64 64,medellin,252,Nairobi,1983,challenger
,Michiel Schapers,,Hans-Peter Kandler,62 26 63,medellin,252,Nairobi,1983,challenger
,Gerald Mild,4,Bernhard Pils,76 62,medellin,252,Nairobi,1983,challenger
,John Austin,,Fernando Maynetto,62 64,medellin,252,Nairobi,1983,challenger
,Hans-Peter Kandler,Q,Phil Lehnhoff,62 64,medellin,252,Nairobi,1983,challenger
,Michiel Schapers,Q,Juan Hernandez,76 16 76,medellin,252,Nairobi,1983,challenger
4,Bernhard Pils,,Patrice Kuchna,46 63 64,medellin,252,Nairobi,1983,challenger
,John Austin,,Larry Stefanki,76 46 64,medellin,252,Nairobi,1983,challenger
Q,Juan Hernandez,,Jacques Grandjean,61 36 64,medellin,252,Nairobi,1983,challenger
,Hans-Peter Kandler,,Randy Druz,64 64,medellin,252,Nairobi,1983,challenger
Q,Phil Lehnhoff,,Francesco Cancellotti,62 62,medellin,252,Nairobi,1983,challenger
,Fernando Maynetto,,Tarik Benhabiles,76 64,medellin,252,Nairobi,1983,challenger
,Gerald Mild,,John Picken,76 64,medellin,252,Nairobi,1983,challenger
,Michiel Schapers,Q,Morten Ronneberg,(W/O),medellin,252,Nairobi,1983,challenger
,Francesco Cancellotti,1,Sashi Menon,63 64,medellin,252,Nairobi,1983,challenger
,John Austin,2,Peter Feigl,62 30 (RET),medellin,252,Nairobi,1983,challenger
Q,Morten Ronneberg,3,Haroon Ismail,63 64,medellin,252,Nairobi,1983,challenger
4,Bernhard Pils,,Eric Wilborts,16 62 76,medellin,252,Nairobi,1983,challenger
,Hans-Peter Kandler,6,Harald Theissen,67 62 62,medellin,252,Nairobi,1983,challenger
,Tarik Benhabiles,7,Rick Fagel,57 64 61,medellin,252,Nairobi,1983,challenger
,Randy Druz,,Frank Hamonet,26 76 76,medellin,252,Nairobi,1983,challenger
,Jacques Grandjean,,Kevin Manning,60 63,medellin,252,Nairobi,1983,challenger
Q,Juan Hernandez,,James Ilako,75 61,medellin,252,Nairobi,1983,challenger
,Patrice Kuchna,,Helmar Stiegler,61 36 64,medellin,252,Nairobi,1983,challenger
Q,Phil Lehnhoff,,Jonathan Canter,67 76 61,medellin,252,Nairobi,1983,challenger
,Fernando Maynetto,,Maurice Hunter,46 76 76,medellin,252,Nairobi,1983,challenger
,Gerald Mild,,Thomas Stalhandske,61 63,medellin,252,Nairobi,1983,challenger
,John Picken,,Huub Van Boeckel,64 60,medellin,252,Nairobi,1983,challenger
,Michiel Schapers,,Syd Ball,63 61,medellin,252,Nairobi,1983,challenger
,Larry Stefanki,,Phillip Ilako,62 61,medellin,252,Nairobi,1983,challenger
,Larry Stefanki,,Mike Barr,57 63 86,ogun,203,Ogun,1983,challenger
,Mike Barr,,Sashi Menon,63 64,ogun,203,Ogun,1983,challenger
,Larry Stefanki,,Leo Palin,63 60,ogun,203,Ogun,1983,challenger
,Mike Barr,,Gerald Mild,64 64,ogun,203,Ogun,1983,challenger
,Sashi Menon,,Bernhard Pils,76 64,ogun,203,Ogun,1983,challenger
,Leo Palin,,Helmar Stiegler,63 57 63,ogun,203,Ogun,1983,challenger
,Larry Stefanki,,Leif Shiras,61 62,ogun,203,Ogun,1983,challenger
,Mike Barr,,Eric Wilborts,62 62,ogun,203,Ogun,1983,challenger
,Sashi Menon,,Frank Hamonet,63 63,ogun,203,Ogun,1983,challenger
,Gerald Mild,,Juan Hernandez,76 63,ogun,203,Ogun,1983,challenger
,Leo Palin,,John Mattke,63 76,ogun,203,Ogun,1983,challenger
,Bernhard Pils,,John Austin,63 63,ogun,203,Ogun,1983,challenger
,Leif Shiras,,Fernando Maynetto,63 63,ogun,203,Ogun,1983,challenger
,Larry Stefanki,,Patrice Kuchna,61 62,ogun,203,Ogun,1983,challenger
,Helmar Stiegler,,Syd Ball,64 46 64,ogun,203,Ogun,1983,challenger
,John Austin,,Hans-Peter Kandler,64 62,ogun,203,Ogun,1983,challenger
,Syd Ball,,Segun Balogun,67 63 60,ogun,203,Ogun,1983,challenger
,Mike Barr,,Tarik Benhabiles,63 63,ogun,203,Ogun,1983,challenger
,Frank Hamonet,,Godwin Emeh,64 62,ogun,203,Ogun,1983,challenger
,Juan Hernandez,,Jakob Hlasek,46 63 64,ogun,203,Ogun,1983,challenger
,Patrice Kuchna,,Peter Feigl,63 46 61,ogun,203,Ogun,1983,challenger
,John Mattke,,Jonathan Canter,64 64,ogun,203,Ogun,1983,challenger
,Fernando Maynetto,,Rick Fagel,57 64 64,ogun,203,Ogun,1983,challenger
,Sashi Menon,,Michiel Schapers,75 61,ogun,203,Ogun,1983,challenger
,Gerald Mild,,Wesley Cash,61 67 64,ogun,203,Ogun,1983,challenger
,Leo Palin,,Olli Rahnasto,46 61 64,ogun,203,Ogun,1983,challenger
,Bernhard Pils,,Remi Osho,62 75,ogun,203,Ogun,1983,challenger
,Leif Shiras,,Jacques Grandjean,75 76,ogun,203,Ogun,1983,challenger
,Larry Stefanki,,Junie Chatman,16 63 64,ogun,203,Ogun,1983,challenger
,Helmar Stiegler,,Maurice Hunter,61 63,ogun,203,Ogun,1983,challenger
,Eric Wilborts,,Haroon Ismail,64 64,ogun,203,Ogun,1983,challenger
1,Vitas Gerulaitis,2,Heinz Gunthardt,76 46 63,coquitlam,253,Kuwait City,1983,challenger
1,Vitas Gerulaitis,3,Magnus Tideman,61 46 75,coquitlam,253,Kuwait City,1983,challenger
2,Heinz Gunthardt,,Stanislav Birner,67 63 60,coquitlam,253,Kuwait City,1983,challenger
1,Vitas Gerulaitis,,Michael Westphal,76 61,coquitlam,253,Kuwait City,1983,challenger
2,Heinz Gunthardt,,Libor Pimek,61 63,coquitlam,253,Kuwait City,1983,challenger
3,Magnus Tideman,,Zoltan Kuharszky,46 61 63,coquitlam,253,Kuwait City,1983,challenger
,Stanislav Birner,4,Rod Frawley,26 63 64,coquitlam,253,Kuwait City,1983,challenger
1,Vitas Gerulaitis,,Mike Brunnberg,62 61,coquitlam,253,Kuwait City,1983,challenger
2,Heinz Gunthardt,,Robert Reininger,61 63,coquitlam,253,Kuwait City,1983,challenger
3,Magnus Tideman,,John Van Nostrand,67 75 63,coquitlam,253,Kuwait City,1983,challenger
4,Rod Frawley,,Dave Siegler,26 61 61,coquitlam,253,Kuwait City,1983,challenger
,Stanislav Birner,,Vijay Amritraj,62 57 64,coquitlam,253,Kuwait City,1983,challenger
,Zoltan Kuharszky,Q,Hans Kary,46 61 63,coquitlam,253,Kuwait City,1983,challenger
,Libor Pimek,,Per Hjertquist,16 63 61,coquitlam,253,Kuwait City,1983,challenger
,Michael Westphal,Q,Kevin Kerns,64 76,coquitlam,253,Kuwait City,1983,challenger
1,Vitas Gerulaitis,,Klaus Eberhard,63 60,coquitlam,253,Kuwait City,1983,challenger
2,Heinz Gunthardt,,Jose Lopez-Maeso,60 76,coquitlam,253,Kuwait City,1983,challenger
3,Magnus Tideman,,Carlos Castellan,60 63,coquitlam,253,Kuwait City,1983,challenger
4,Rod Frawley,,Andrew Jarrett,67 63 64,coquitlam,253,Kuwait City,1983,challenger
,Michael Westphal,5,Juan Avendano,76 62,coquitlam,253,Kuwait City,1983,challenger
,Libor Pimek,6,Brad Drewett,36 63 64,coquitlam,253,Kuwait City,1983,challenger
,Stanislav Birner,7,Francesco Cancellotti,46 60 76,coquitlam,253,Kuwait City,1983,challenger
,Zoltan Kuharszky,8,Ilie Nastase,61 36 63,coquitlam,253,Kuwait City,1983,challenger
,Vijay Amritraj,,Christophe Freyss,64 75,coquitlam,253,Kuwait City,1983,challenger
,Mike Brunnberg,,Jean-Marc Piacentile,62 60,coquitlam,253,Kuwait City,1983,challenger
,Per Hjertquist,Q,Fernando Soler,63 60,coquitlam,253,Kuwait City,1983,challenger
Q,Hans Kary,,Jose Garcia-Requena,46 62 60,coquitlam,253,Kuwait City,1983,challenger
Q,Kevin Kerns,,Broderick Dyke,67 64,coquitlam,253,Kuwait City,1983,challenger
,Robert Reininger,,Christophe Bernelle,16 64 62,coquitlam,253,Kuwait City,1983,challenger
,Dave Siegler,,Jorgen Windahl,64 64,coquitlam,253,Kuwait City,1983,challenger
,John Van Nostrand,Q,Randy Druz,64 67 60,coquitlam,253,Kuwait City,1983,challenger
3,Craig Wittus,,Michiel Schapers,63 46 119,lagos,205,Lagos,1983,challenger
3,Craig Wittus,,Jonathan Canter,64 36 64,lagos,205,Lagos,1983,challenger
,Michiel Schapers,,Hans-Peter Kandler,62 63,lagos,205,Lagos,1983,challenger
3,Craig Wittus,5,Bernhard Pils,63 61,lagos,205,Lagos,1983,challenger
,Michiel Schapers,8,Rick Fagel,62 61,lagos,205,Lagos,1983,challenger
,Jonathan Canter,,Leif Shiras,75 (RET),lagos,205,Lagos,1983,challenger
,Hans-Peter Kandler,,Colin Dowdeswell,75 26 75,lagos,205,Lagos,1983,challenger
,Colin Dowdeswell,1,Peter Feigl,57 61 64,lagos,205,Lagos,1983,challenger
3,Craig Wittus,,Junie Chatman,75 62,lagos,205,Lagos,1983,challenger
5,Bernhard Pils,Q,Bruno Corbiere,61 63,lagos,205,Lagos,1983,challenger
,Hans-Peter Kandler,6,Leo Palin,67 64 60,lagos,205,Lagos,1983,challenger
8,Rick Fagel,,Fernando Maynetto,75 62,lagos,205,Lagos,1983,challenger
,Jonathan Canter,,Tony Mmoh,36 64 86,lagos,205,Lagos,1983,challenger
,Michiel Schapers,,David Imonitie,61 76,lagos,205,Lagos,1983,challenger
,Leif Shiras,,Larry Stefanki,46 63 62,lagos,205,Lagos,1983,challenger
1,Peter Feigl,,John Mattke,64 64,lagos,205,Lagos,1983,challenger
,Tony Mmoh,2,Sashi Menon,76 64,lagos,205,Lagos,1983,challenger
3,Craig Wittus,,Maurice Hunter,62 64,lagos,205,Lagos,1983,challenger
,David Imonitie,4,Haroon Ismail,61 76,lagos,205,Lagos,1983,challenger
5,Bernhard Pils,,Gerald Mild,61 54,lagos,205,Lagos,1983,challenger
6,Leo Palin,,Olli Rahnasto,63 63,lagos,205,Lagos,1983,challenger
,Leif Shiras,7,Juan Farrow,57 64 75,lagos,205,Lagos,1983,challenger
8,Rick Fagel,Q,Helmar Stiegler,62 62,lagos,205,Lagos,1983,challenger
,Jonathan Canter,,Eric Wilborts,75 06 62,lagos,205,Lagos,1983,challenger
,Junie Chatman,,Syd Ball,61 26 86,lagos,205,Lagos,1983,challenger
Q,Bruno Corbiere,,Godwin Emeh,64 36 61,lagos,205,Lagos,1983,challenger
,Colin Dowdeswell,,Patrice Kuchna,62 60,lagos,205,Lagos,1983,challenger
,Hans-Peter Kandler,,Jacques Grandjean,62 63,lagos,205,Lagos,1983,challenger
,Fernando Maynetto,Q,Carlos Di Laura,75 75,lagos,205,Lagos,1983,challenger
,Michiel Schapers,,Jakob Hlasek,62 46 64,lagos,205,Lagos,1983,challenger
,Larry Stefanki,,Mike Barr,61 62,lagos,205,Lagos,1983,challenger
5,Henrik Sundstrom,,Juan Avendano,67 62 60,cairo,206,Cairo,1983,challenger
5,Henrik Sundstrom,3,Fernando Luna,64 76,cairo,206,Cairo,1983,challenger
,Juan Avendano,,Gianluca Rinaldini,64 57 62,cairo,206,Cairo,1983,challenger
3,Fernando Luna,,Angel Gimenez,63 62,cairo,206,Cairo,1983,challenger
5,Henrik Sundstrom,,Brad Drewett,63 46 61,cairo,206,Cairo,1983,challenger
,Gianluca Rinaldini,6,Stefan Simonsson,(W/O),cairo,206,Cairo,1983,challenger
,Juan Avendano,,Sergio Casal,63 46 63,cairo,206,Cairo,1983,challenger
,Sergio Casal,2,Manuel Orantes,75 63,cairo,206,Cairo,1983,challenger
3,Fernando Luna,,Jim Gurfein,26 63 61,cairo,206,Cairo,1983,challenger
5,Henrik Sundstrom,,Carlos Castellan,61 64,cairo,206,Cairo,1983,challenger
6,Stefan Simonsson,,Stanislav Birner,62 63,cairo,206,Cairo,1983,challenger
,Juan Avendano,Q,Michael Westphal,76 36 63,cairo,206,Cairo,1983,challenger
,Brad Drewett,,Per Hjertquist,76 26 61,cairo,206,Cairo,1983,challenger
,Angel Gimenez,,Rod Frawley,62 62,cairo,206,Cairo,1983,challenger
,Gianluca Rinaldini,Q,Hans Kary,61 61,cairo,206,Cairo,1983,challenger
,Per Hjertquist,1,Sandy Mayer,62 46 63,cairo,206,Cairo,1983,challenger
2,Manuel Orantes,,Jose Lopez-Maeso,63 61,cairo,206,Cairo,1983,challenger
3,Fernando Luna,,Slobodan Zivojinovic,76 62,cairo,206,Cairo,1983,challenger
Q,Hans Kary,4,Damir Keretic,16 62 76,cairo,206,Cairo,1983,challenger
5,Henrik Sundstrom,,Amir Tewfik,60 61,cairo,206,Cairo,1983,challenger
6,Stefan Simonsson,,Loic Courteau,36 76 61,cairo,206,Cairo,1983,challenger
,Juan Avendano,7,Peter Elter,36 62 64,cairo,206,Cairo,1983,challenger
,Angel Gimenez,8,Heinz Gunthardt,62 46 60,cairo,206,Cairo,1983,challenger
,Stanislav Birner,,Mike Brunnberg,63 62,cairo,206,Cairo,1983,challenger
,Sergio Casal,,Hisham Nasser,61 61,cairo,206,Cairo,1983,challenger
,Carlos Castellan,,Khaled Baligh,62 62,cairo,206,Cairo,1983,challenger
,Brad Drewett,,Igor Flego,61 63,cairo,206,Cairo,1983,challenger
,Rod Frawley,,Wally Masur,63 26 62,cairo,206,Cairo,1983,challenger
,Jim Gurfein,,Jose Garcia-Requena,64 75,cairo,206,Cairo,1983,challenger
,Gianluca Rinaldini,,Magnus Tideman,64 36 62,cairo,206,Cairo,1983,challenger
Q,Michael Westphal,,Jonathan Canter,60 63,cairo,206,Cairo,1983,challenger
6,Patrice Kuchna,8,Hans-Peter Kandler,75 64,kaduna,207,Kaduna,1983,challenger
6,Patrice Kuchna,,Huub Van Boeckel,64 26 63,kaduna,207,Kaduna,1983,challenger
8,Hans-Peter Kandler,,Joe Meyers,46 75 62,kaduna,207,Kaduna,1983,challenger
8,Hans-Peter Kandler,2,Bernhard Pils,64 76,kaduna,207,Kaduna,1983,challenger
6,Patrice Kuchna,,Thierry Pham,75 64,kaduna,207,Kaduna,1983,challenger
,Huub Van Boeckel,7,Mike Barr,63 62,kaduna,207,Kaduna,1983,challenger
,Joe Meyers,,Ola Hellgren,62 63,kaduna,207,Kaduna,1983,challenger
2,Bernhard Pils,,David Imonitie,36 63 75,kaduna,207,Kaduna,1983,challenger
,Thierry Pham,4,Jakob Hlasek,63 64,kaduna,207,Kaduna,1983,challenger
6,Patrice Kuchna,,Phil Lehnhoff,63 64,kaduna,207,Kaduna,1983,challenger
7,Mike Barr,,Oliver Freund,62 36 61,kaduna,207,Kaduna,1983,challenger
8,Hans-Peter Kandler,,Helmar Stiegler,63 76,kaduna,207,Kaduna,1983,challenger
,Ola Hellgren,,Gerald Mild,26 62 62,kaduna,207,Kaduna,1983,challenger
,Joe Meyers,,Maurice Hunter,62 76,kaduna,207,Kaduna,1983,challenger
,Huub Van Boeckel,,Sadiq Abdullahi,62 62,kaduna,207,Kaduna,1983,challenger
,Huub Van Boeckel,1,Craig Wittus,62 62,kaduna,207,Kaduna,1983,challenger
2,Bernhard Pils,,Bruno Corbiere,61 36 60,kaduna,207,Kaduna,1983,challenger
,Gerald Mild,3,Juan Farrow,63 16 64,kaduna,207,Kaduna,1983,challenger
4,Jakob Hlasek,,Kevin Manning,64 64,kaduna,207,Kaduna,1983,challenger
,Joe Meyers,5,Junie Chatman,61 62,kaduna,207,Kaduna,1983,challenger
6,Patrice Kuchna,,Eric Wilborts,63 36 61,kaduna,207,Kaduna,1983,challenger
7,Mike Barr,,Yakubu Suleiman,60 61,kaduna,207,Kaduna,1983,challenger
8,Hans-Peter Kandler,,Carlos Di Laura,60 62,kaduna,207,Kaduna,1983,challenger
,Oliver Freund,,Romanus Chuks Nwazu,60 63,kaduna,207,Kaduna,1983,challenger
,Ola Hellgren,,Tarik Benhabiles,46 64 62,kaduna,207,Kaduna,1983,challenger
,Maurice Hunter,,John Mattke,63 64,kaduna,207,Kaduna,1983,challenger
,David Imonitie,,Eric Brawerman,46 76 62,kaduna,207,Kaduna,1983,challenger
,Phil Lehnhoff,,John Picken,16 64 64,kaduna,207,Kaduna,1983,challenger
,Thierry Pham,,Bullus Bako,60 63,kaduna,207,Kaduna,1983,challenger
,Helmar Stiegler,,Wesley Cash,36 75 63,kaduna,207,Kaduna,1983,challenger
4,Henrik Sundstrom,7,Thierry Tulasne,63 64 62,tunis,211,Tunis,1983,challenger
4,Henrik Sundstrom,2,Fernando Luna,63 61,tunis,211,Tunis,1983,challenger
7,Thierry Tulasne,5,Magnus Tideman,62 63,tunis,211,Tunis,1983,challenger
5,Magnus Tideman,1,Manuel Orantes,75 64,tunis,211,Tunis,1983,challenger
2,Fernando Luna,6,Peter Elter,63 46 62,tunis,211,Tunis,1983,challenger
4,Henrik Sundstrom,,Sergio Casal,57 61 62,tunis,211,Tunis,1983,challenger
7,Thierry Tulasne,,Juan Aguilera,61 63,tunis,211,Tunis,1983,challenger
1,Manuel Orantes,,Broderick Dyke,76 63,tunis,211,Tunis,1983,challenger
2,Fernando Luna,,Jim Gurfein,62 61,tunis,211,Tunis,1983,challenger
,Juan Aguilera,3,Damir Keretic,60 61,tunis,211,Tunis,1983,challenger
4,Henrik Sundstrom,,Juan Avendano,75 57 75,tunis,211,Tunis,1983,challenger
5,Magnus Tideman,,Corrado Barazzutti,63 62,tunis,211,Tunis,1983,challenger
6,Peter Elter,,Andreas Maurer,63 63,tunis,211,Tunis,1983,challenger
7,Thierry Tulasne,,Jose Garcia-Requena,76 60,tunis,211,Tunis,1983,challenger
,Sergio Casal,,Per Hjertquist,64 62,tunis,211,Tunis,1983,challenger
1,Manuel Orantes,,Gilles Moretton,64 67 61,tunis,211,Tunis,1983,challenger
2,Fernando Luna,Q,Michael Westphal,61 46 62,tunis,211,Tunis,1983,challenger
3,Damir Keretic,,Alberto Tous,62 61,tunis,211,Tunis,1983,challenger
4,Henrik Sundstrom,,Tarik Benhabiles,64 62,tunis,211,Tunis,1983,challenger
5,Magnus Tideman,Q,Libor Pimek,64 61,tunis,211,Tunis,1983,challenger
6,Peter Elter,,Brad Drewett,64 61,tunis,211,Tunis,1983,challenger
7,Thierry Tulasne,,Paolo Bertolucci,62 46 63,tunis,211,Tunis,1983,challenger
,Per Hjertquist,8,Bernard Fritz,61 62,tunis,211,Tunis,1983,challenger
,Juan Aguilera,,Rolf Pinner,67 62 63,tunis,211,Tunis,1983,challenger
,Juan Avendano,Q,Gabriel Urpi,63 64,tunis,211,Tunis,1983,challenger
,Corrado Barazzutti,,Christophe Bernelle,76 06 61,tunis,211,Tunis,1983,challenger
,Sergio Casal,,Carlos Castellan,60 63,tunis,211,Tunis,1983,challenger
,Broderick Dyke,,Jose Lopez-Maeso,26 64 64,tunis,211,Tunis,1983,challenger
,Jose Garcia-Requena,,Angel Gimenez,64 60,tunis,211,Tunis,1983,challenger
,Jim Gurfein,,Loic Courteau,63 61,tunis,211,Tunis,1983,challenger
,Andreas Maurer,,Gianluca Rinaldini,75 20 (RET),tunis,211,Tunis,1983,challenger
,Zoltan Kuharszky,1,Victor Pecci Sr.,64 46 61,guaruja,237,Sao Paulo,1983,challenger
1,Victor Pecci Sr.,,Tony Giammalva,62 63,guaruja,237,Sao Paulo,1983,challenger
,Zoltan Kuharszky,2,Carlos Kirmayr,76 46 61,guaruja,237,Sao Paulo,1983,challenger
1,Victor Pecci Sr.,7,Trey Waltke,60 46 60,guaruja,237,Sao Paulo,1983,challenger
2,Carlos Kirmayr,Q,Steve Meister,62 62,guaruja,237,Sao Paulo,1983,challenger
,Tony Giammalva,4,Joao Soares,63 64,guaruja,237,Sao Paulo,1983,challenger
,Zoltan Kuharszky,Q,Ernie Fernandez,63 61,guaruja,237,Sao Paulo,1983,challenger
1,Victor Pecci Sr.,,Rocky Royer,61 64,guaruja,237,Sao Paulo,1983,challenger
2,Carlos Kirmayr,,Eduardo Bengoechea,75 75,guaruja,237,Sao Paulo,1983,challenger
4,Joao Soares,Q,Gabriel Mattos,64 76,guaruja,237,Sao Paulo,1983,challenger
,Tony Giammalva,5,Givaldo Barbosa,76 36 64,guaruja,237,Sao Paulo,1983,challenger
Q,Ernie Fernandez,6,Craig Wittus,76 64,guaruja,237,Sao Paulo,1983,challenger
7,Trey Waltke,,Ricardo Cano,76 46 62,guaruja,237,Sao Paulo,1983,challenger
Q,Steve Meister,8,Pender Murphy,76 64,guaruja,237,Sao Paulo,1983,challenger
,Zoltan Kuharszky,,Javier Restrepo,61 62,guaruja,237,Sao Paulo,1983,challenger
1,Victor Pecci Sr.,,Ivan Kley,62 26 63,guaruja,237,Sao Paulo,1983,challenger
2,Carlos Kirmayr,,Jeff Turpin,63 62,guaruja,237,Sao Paulo,1983,challenger
,Zoltan Kuharszky,3,Nduka Odizor,76 63,guaruja,237,Sao Paulo,1983,challenger
4,Joao Soares,,David Carter,64 46 75,guaruja,237,Sao Paulo,1983,challenger
5,Givaldo Barbosa,,Ney Keller,61 61,guaruja,237,Sao Paulo,1983,challenger
6,Craig Wittus,,Alejandro Gattiker,62 64,guaruja,237,Sao Paulo,1983,challenger
7,Trey Waltke,,Ramiro Benavides,36 62 61,guaruja,237,Sao Paulo,1983,challenger
8,Pender Murphy,,David Dowlen,62 76,guaruja,237,Sao Paulo,1983,challenger
,Eduardo Bengoechea,Q,Ray Disco,63 63,guaruja,237,Sao Paulo,1983,challenger
,Ricardo Cano,,Carlos Soares,76 62,guaruja,237,Sao Paulo,1983,challenger
Q,Ernie Fernandez,,Julio Goes,64 64,guaruja,237,Sao Paulo,1983,challenger
,Tony Giammalva,,Thomas Koch,64 75,guaruja,237,Sao Paulo,1983,challenger
Q,Gabriel Mattos,,Nelson Aerts,64 36 76,guaruja,237,Sao Paulo,1983,challenger
Q,Steve Meister,,Thomas Stalhandske,76 75,guaruja,237,Sao Paulo,1983,challenger
,Javier Restrepo,,Pedro Rebolledo,64 62,guaruja,237,Sao Paulo,1983,challenger
,Rocky Royer,,Belus Prajoux,64 64,guaruja,237,Sao Paulo,1983,challenger
,Zoltan Kuharszky,6,Julio Goes,62 76,curitiba,236,Curitiba,1983,challenger
6,Julio Goes,,Edvaldo Oliveira,60 64,curitiba,236,Curitiba,1983,challenger
,Zoltan Kuharszky,,Pedro Rebolledo,61 62,curitiba,236,Curitiba,1983,challenger
,Pedro Rebolledo,5,Pender Murphy,16 64 60,curitiba,236,Curitiba,1983,challenger
6,Julio Goes,,Steve Meister,62 64,curitiba,236,Curitiba,1983,challenger
,Zoltan Kuharszky,,Thomas Koch,76 75,curitiba,236,Curitiba,1983,challenger
,Edvaldo Oliveira,,Eduardo Bengoechea,46 63 76,curitiba,236,Curitiba,1983,challenger
5,Pender Murphy,,Cesar Kist,63 36 64,curitiba,236,Curitiba,1983,challenger
6,Julio Goes,,David Carter,46 76 64,curitiba,236,Curitiba,1983,challenger
,Thomas Koch,7,Ramiro Benavides,76 16 63,curitiba,236,Curitiba,1983,challenger
,Eduardo Bengoechea,,David Dowlen,62 63,curitiba,236,Curitiba,1983,challenger
,Zoltan Kuharszky,,Ricardo Cano,64 63,curitiba,236,Curitiba,1983,challenger
,Steve Meister,,Jeff Turpin,63 62,curitiba,236,Curitiba,1983,challenger
,Edvaldo Oliveira,,Ney Keller,61 62,curitiba,236,Curitiba,1983,challenger
,Pedro Rebolledo,Q,Paschoal Penetta,62 62,curitiba,236,Curitiba,1983,challenger
,Eduardo Bengoechea,1,Nduka Odizor,36 64 62,curitiba,236,Curitiba,1983,challenger
,Pedro Rebolledo,2,Joao Soares,63 67 64,curitiba,236,Curitiba,1983,challenger
,Zoltan Kuharszky,3,Alejandro Ganzabal,64 75,curitiba,236,Curitiba,1983,challenger
,Jeff Turpin,4,Givaldo Barbosa,36 64 76,curitiba,236,Curitiba,1983,challenger
5,Pender Murphy,,Ivan Kley,62 26 64,curitiba,236,Curitiba,1983,challenger
6,Julio Goes,,Eduardo Oncins,(NA),curitiba,236,Curitiba,1983,challenger
7,Ramiro Benavides,,Thomas Stalhandske,61 64,curitiba,236,Curitiba,1983,challenger
,Ney Keller,8,Rocky Royer,61 75,curitiba,236,Curitiba,1983,challenger
,Ricardo Cano,,Fernando Roese,62 06 63,curitiba,236,Curitiba,1983,challenger
,David Carter,Q,Antonio Morandini,75 46 61,curitiba,236,Curitiba,1983,challenger
,David Dowlen,,Javier Restrepo,26 64 76,curitiba,236,Curitiba,1983,challenger
,Cesar Kist,Q,Luiz Muller,64 61,curitiba,236,Curitiba,1983,challenger
,Thomas Koch,,Belus Prajoux,76 76,curitiba,236,Curitiba,1983,challenger
,Steve Meister,,Roberto Arguello,62 63,curitiba,236,Curitiba,1983,challenger
,Edvaldo Oliveira,,Alejandro Gattiker,64 16 63,curitiba,236,Curitiba,1983,challenger
Q,Paschoal Penetta,,Eleuterio Martins,46 64 63,curitiba,236,Curitiba,1983,challenger
,John Austin,1,Robert Van't Hof,16 63 62,vancouver,254,Johannesburg,1983,challenger
1,Robert Van't Hof,9,Mike Myburg,63 64,vancouver,254,Johannesburg,1983,challenger
,John Austin,,Christo Van Rensburg,63 76,vancouver,254,Johannesburg,1983,challenger
1,Robert Van't Hof,,Denys Maasdorp,63 36 62,vancouver,254,Johannesburg,1983,challenger
9,Mike Myburg,4,Danie Visser,75 62,vancouver,254,Johannesburg,1983,challenger
,John Austin,11,Rick Meyer,62 64,vancouver,254,Johannesburg,1983,challenger
,Christo Van Rensburg,16,David Schneider,63 64,vancouver,254,Johannesburg,1983,challenger
1,Robert Van't Hof,,Tian C. Viljoen,62 46 60,vancouver,254,Johannesburg,1983,challenger
11,Rick Meyer,2,Francisco Gonzalez,64 62,vancouver,254,Johannesburg,1983,challenger
4,Danie Visser,13,Richard Lewis,63 64,vancouver,254,Johannesburg,1983,challenger
9,Mike Myburg,5,Peter Rennert,16 63 75,vancouver,254,Johannesburg,1983,challenger
16,David Schneider,6,Eddie Edwards,75 64,vancouver,254,Johannesburg,1983,challenger
,Denys Maasdorp,8,Schalk Van Der Merwe,75 36 61,vancouver,254,Johannesburg,1983,challenger
,John Austin,,Leon Naude,64 75,vancouver,254,Johannesburg,1983,challenger
,Christo Van Rensburg,Q,Mark Erasmus,62 62,vancouver,254,Johannesburg,1983,challenger
1,Robert Van't Hof,,George Rudman,62 61,vancouver,254,Johannesburg,1983,challenger
2,Francisco Gonzalez,,Andrew Burrow,61 62,vancouver,254,Johannesburg,1983,challenger
,Christo Van Rensburg,3,John Sadri,64 64,vancouver,254,Johannesburg,1983,challenger
4,Danie Visser,,Barry Moir,36 76 63,vancouver,254,Johannesburg,1983,challenger
5,Peter Rennert,,John Yuill,67 64 64,vancouver,254,Johannesburg,1983,challenger
6,Eddie Edwards,,Aaron Krickstein,60 61,vancouver,254,Johannesburg,1983,challenger
,Leon Naude,7,Frank Puncec,76 63,vancouver,254,Johannesburg,1983,challenger
8,Schalk Van Der Merwe,,Gustav Fichardt,63 61,vancouver,254,Johannesburg,1983,challenger
9,Mike Myburg,Q,Neville Olivier,46 60 62,vancouver,254,Johannesburg,1983,challenger
Q,Mark Erasmus,10,Rory Chappell,64 62,vancouver,254,Johannesburg,1983,challenger
11,Rick Meyer,Q,Mike Styles,76 75,vancouver,254,Johannesburg,1983,challenger
,Tian C. Viljoen,12,Brent Pirow,76 63,vancouver,254,Johannesburg,1983,challenger
13,Richard Lewis,,Raymond Moore,76 64,vancouver,254,Johannesburg,1983,challenger
,John Austin,14,Andrew Pattison,62 63,vancouver,254,Johannesburg,1983,challenger
,Denys Maasdorp,15,Deon Joubert,63 62,vancouver,254,Johannesburg,1983,challenger
16,David Schneider,,Jean Van Rensburg,63 61,vancouver,254,Johannesburg,1983,challenger
,John Austin,,Brian Levine,64 63,vancouver,254,Johannesburg,1983,challenger
,Andrew Burrow,,Tarik Benhabiles,64 67 76,vancouver,254,Johannesburg,1983,challenger
Q,Mark Erasmus,,Fanie Reinach,76 63,vancouver,254,Johannesburg,1983,challenger
,Gustav Fichardt,,Jeff Player,76 60,vancouver,254,Johannesburg,1983,challenger
,Aaron Krickstein,Q,Jose Garcia-Requena,61 64,vancouver,254,Johannesburg,1983,challenger
,Denys Maasdorp,,Frew McMillan,61 75,vancouver,254,Johannesburg,1983,challenger
,Barry Moir,Q,Michele Fioroni,62 61,vancouver,254,Johannesburg,1983,challenger
,Raymond Moore,,Desmond Ward,63 36 76,vancouver,254,Johannesburg,1983,challenger
,Leon Naude,,Gordon Simmonds,63 46 63,vancouver,254,Johannesburg,1983,challenger
Q,Neville Olivier,,Thierry Purini,63 36 75,vancouver,254,Johannesburg,1983,challenger
,George Rudman,,David Smith,64 62,vancouver,254,Johannesburg,1983,challenger
Q,Mike Styles,,John Feaver,64 46 75,vancouver,254,Johannesburg,1983,challenger
,Christo Van Rensburg,,Sean Montgomery,75 57 61,vancouver,254,Johannesburg,1983,challenger
,Jean Van Rensburg,Q,Pieter Aldrich,75 61,vancouver,254,Johannesburg,1983,challenger
,Tian C. Viljoen,,Bill Stanley,63 26 63,vancouver,254,Johannesburg,1983,challenger
,John Yuill,,Stewart Osborne,63 60,vancouver,254,Johannesburg,1983,challenger
1,Shlomo Glickstein,,Amos Mansdorf,63 63,jerusalem,216,Ashkelon,1983,challenger
1,Shlomo Glickstein,,David Schneider,63 62,jerusalem,216,Ashkelon,1983,challenger
,Amos Mansdorf,2,Robert Reininger,76 60,jerusalem,216,Ashkelon,1983,challenger
1,Shlomo Glickstein,5,Colin Dowdeswell,64 64,jerusalem,216,Ashkelon,1983,challenger
2,Robert Reininger,,Huub Van Boeckel,64 57 75,jerusalem,216,Ashkelon,1983,challenger
,Amos Mansdorf,6,Peter Feigl,75 76,jerusalem,216,Ashkelon,1983,challenger
,David Schneider,Q,Per-Ola Lindquist,62 64,jerusalem,216,Ashkelon,1983,challenger
1,Shlomo Glickstein,,Paul Groth,63 62,jerusalem,216,Ashkelon,1983,challenger
2,Robert Reininger,,Shahar Perkiss,62 36 63,jerusalem,216,Ashkelon,1983,challenger
,Amos Mansdorf,3,Hans-Peter Kandler,60 64,jerusalem,216,Ashkelon,1983,challenger
,David Schneider,4,Mike Barr,76 36 63,jerusalem,216,Ashkelon,1983,challenger
5,Colin Dowdeswell,Q,Ricki Osterthun,75 61,jerusalem,216,Ashkelon,1983,challenger
6,Peter Feigl,,William Notar,61 64,jerusalem,216,Ashkelon,1983,challenger
Q,Per-Ola Lindquist,7,Rand Evett,64 64,jerusalem,216,Ashkelon,1983,challenger
,Huub Van Boeckel,,Franco Merlone,63 63,jerusalem,216,Ashkelon,1983,challenger
1,Shlomo Glickstein,,Rassel Mayers,61 61,jerusalem,216,Ashkelon,1983,challenger
2,Robert Reininger,,Tim Arnot,76 46 75,jerusalem,216,Ashkelon,1983,challenger
3,Hans-Peter Kandler,,Mark Hartnett,62 75,jerusalem,216,Ashkelon,1983,challenger
4,Mike Barr,Q,Eylon Sinai,26 62 60,jerusalem,216,Ashkelon,1983,challenger
5,Colin Dowdeswell,,Ilan Sher,64 64,jerusalem,216,Ashkelon,1983,challenger
6,Peter Feigl,,Famiano Meneschincheri,61 62,jerusalem,216,Ashkelon,1983,challenger
7,Rand Evett,,Tom Frisher,62 36 64,jerusalem,216,Ashkelon,1983,challenger
,Huub Van Boeckel,8,Steve Krulevitz,46 63 64,jerusalem,216,Ashkelon,1983,challenger
,Paul Groth,,Stefan Svensson,62 36 76,jerusalem,216,Ashkelon,1983,challenger
Q,Per-Ola Lindquist,,Hans-Dieter Beutel,61 26 75,jerusalem,216,Ashkelon,1983,challenger
,Amos Mansdorf,,Rodney Crowley,63 63,jerusalem,216,Ashkelon,1983,challenger
,Franco Merlone,Q,Martin Krulis,62 60,jerusalem,216,Ashkelon,1983,challenger
,William Notar,,Gilad Bloom,16 62 63,jerusalem,216,Ashkelon,1983,challenger
Q,Ricki Osterthun,,John Picken,63 62,jerusalem,216,Ashkelon,1983,challenger
,Shahar Perkiss,,Bruno Corbiere,62 61,jerusalem,216,Ashkelon,1983,challenger
,David Schneider,,Brian Levine,67 76 63,jerusalem,216,Ashkelon,1983,challenger
1,Corrado Barazzutti,,Carlos Castellan,60 61,kitzbuhel,306,Bari,1983,challenger
1,Corrado Barazzutti,,Juan Aguilera,75 60,kitzbuhel,306,Bari,1983,challenger
,Carlos Castellan,,Bruce Derlin,46 64 62,kitzbuhel,306,Bari,1983,challenger
1,Corrado Barazzutti,6,Alejandro Pierola,64 63,kitzbuhel,306,Bari,1983,challenger
,Juan Aguilera,,Eric Jelen,76 62,kitzbuhel,306,Bari,1983,challenger
,Carlos Castellan,,Francesco Cancellotti,67 64 64,kitzbuhel,306,Bari,1983,challenger
,Bruce Derlin,,Martin Jaite,76 63,kitzbuhel,306,Bari,1983,challenger
1,Corrado Barazzutti,,Huub Van Boeckel,64 63,kitzbuhel,306,Bari,1983,challenger
6,Alejandro Pierola,,Jose Garcia-Requena,63 63,kitzbuhel,306,Bari,1983,challenger
,Martin Jaite,8,Roland Stadler,63 60,kitzbuhel,306,Bari,1983,challenger
,Juan Aguilera,,Simone Colombo,36 62 43 (RET),kitzbuhel,306,Bari,1983,challenger
,Francesco Cancellotti,,Jordi Arrese,63 63,kitzbuhel,306,Bari,1983,challenger
,Carlos Castellan,,Antonio Zugarelli,76 64,kitzbuhel,306,Bari,1983,challenger
,Bruce Derlin,,David De Miguel,36 62 64,kitzbuhel,306,Bari,1983,challenger
,Eric Jelen,,Patrizio Parrini,26 63 62,kitzbuhel,306,Bari,1983,challenger
1,Corrado Barazzutti,,Jan Sandberg,61 46 20,kitzbuhel,306,Bari,1983,challenger
,Francesco Cancellotti,2,Gianluca Rinaldini,62 75,kitzbuhel,306,Bari,1983,challenger
,David De Miguel,3,Zeljko Franulovic,63 76,kitzbuhel,306,Bari,1983,challenger
,Patrizio Parrini,4,Bruce Foxworth,75 36 76,kitzbuhel,306,Bari,1983,challenger
,Antonio Zugarelli,5,Ulrich Pinner,63 46 63,kitzbuhel,306,Bari,1983,challenger
6,Alejandro Pierola,,Peter Carlsson,75 61,kitzbuhel,306,Bari,1983,challenger
,Juan Aguilera,7,Egan Adams,61 61,kitzbuhel,306,Bari,1983,challenger
8,Roland Stadler,Q,Edoardo Mazza,62 61,kitzbuhel,306,Bari,1983,challenger
,Jordi Arrese,,Ivan Camus,76 36 64,kitzbuhel,306,Bari,1983,challenger
,Carlos Castellan,Q,Claudio Mezzadri,60 61,kitzbuhel,306,Bari,1983,challenger
,Simone Colombo,Q,Derrick Rostagno,64 60,kitzbuhel,306,Bari,1983,challenger
,Bruce Derlin,,Eduardo Oncins,63 76,kitzbuhel,306,Bari,1983,challenger
,Jose Garcia-Requena,,Ramiro Benavides,62 46 75,kitzbuhel,306,Bari,1983,challenger
,Martin Jaite,,Luca Bottazzi,57 62 62,kitzbuhel,306,Bari,1983,challenger
,Eric Jelen,,Franco Merlone,63 60,kitzbuhel,306,Bari,1983,challenger
,Huub Van Boeckel,,Jakob Hlasek,46 75 62,kitzbuhel,306,Bari,1983,challenger
3,Tsuyoshi Fukui,,Michael Wayman,64 60,vadodara,255,Tokyo,1983,challenger
3,Tsuyoshi Fukui,,Jeff Turpin,76 60,vadodara,255,Tokyo,1983,challenger
,Michael Wayman,8,Peter Johnston,46 64 61,vadodara,255,Tokyo,1983,challenger
3,Tsuyoshi Fukui,,John Frawley,67 63 63,vadodara,255,Tokyo,1983,challenger
8,Peter Johnston,,Leo Palin,61 64,vadodara,255,Tokyo,1983,challenger
,Jeff Turpin,,Joel Bailey,63 76,vadodara,255,Tokyo,1983,challenger
,Michael Wayman,,Simon Youl,75 63,vadodara,255,Tokyo,1983,challenger
,Jeff Turpin,1,Morris Skip Strode,63 64,vadodara,255,Tokyo,1983,challenger
3,Tsuyoshi Fukui,Q,Shigeyuki Nishio,64 60,vadodara,255,Tokyo,1983,challenger
,Simon Youl,4,Charlie Fancutt,64 63,vadodara,255,Tokyo,1983,challenger
,Michael Wayman,5,Charles Buzz Strode,64 63,vadodara,255,Tokyo,1983,challenger
8,Peter Johnston,,David Dowlen,75 60,vadodara,255,Tokyo,1983,challenger
,Joel Bailey,,Toru Yonezawa,60 26 62,vadodara,255,Tokyo,1983,challenger
,John Frawley,,Tetsu Kuramitsu,64 61,vadodara,255,Tokyo,1983,challenger
,Leo Palin,,Nial Brash,26 60 63,vadodara,255,Tokyo,1983,challenger
1,Morris Skip Strode,,Souichi Nakamura,64 62,vadodara,255,Tokyo,1983,challenger
,Nial Brash,2,John McCurdy,75 75,vadodara,255,Tokyo,1983,challenger
3,Tsuyoshi Fukui,,Shinichi Sakamoto,62 46 64,vadodara,255,Tokyo,1983,challenger
4,Charlie Fancutt,,Greg Whitecross,62 57 61,vadodara,255,Tokyo,1983,challenger
5,Charles Buzz Strode,Q,Kenichi Hirai,46 75 63,vadodara,255,Tokyo,1983,challenger
,Toru Yonezawa,6,Dave Siegler,62 63,vadodara,255,Tokyo,1983,challenger
,Tetsu Kuramitsu,7,Andy Kohlberg,64 46 64,vadodara,255,Tokyo,1983,challenger
8,Peter Johnston,,Kenzo Ukon,64 36 60,vadodara,255,Tokyo,1983,challenger
,Joel Bailey,,Shoichi Tatsuno,60 62,vadodara,255,Tokyo,1983,challenger
,David Dowlen,,Randy Druz,63 46 61,vadodara,255,Tokyo,1983,challenger
,John Frawley,,Mark Kratzmann,61 61,vadodara,255,Tokyo,1983,challenger
Q,Shigeyuki Nishio,,Garth Haynes,36 63 76,vadodara,255,Tokyo,1983,challenger
,Leo Palin,,Leif Shiras,64 61,vadodara,255,Tokyo,1983,challenger
,Jeff Turpin,,Hitoshi Shirato,06 63 63,vadodara,255,Tokyo,1983,challenger
,Michael Wayman,,Walter Redondo,64 62,vadodara,255,Tokyo,1983,challenger
,Simon Youl,,Chris Tregonning,64 76,vadodara,255,Tokyo,1983,challenger
,Francesco Cancellotti,5,Miguel Mir,76 61,galatina,256,Galatina,1983,challenger
5,Miguel Mir,4,Roland Stadler,63 63,galatina,256,Galatina,1983,challenger
,Francesco Cancellotti,6,Juan Aguilera,64 36 60,galatina,256,Galatina,1983,challenger
5,Miguel Mir,1,Jimmy Brown,67 64 61,galatina,256,Galatina,1983,challenger
6,Juan Aguilera,2,Bruce Foxworth,62 62,galatina,256,Galatina,1983,challenger
4,Roland Stadler,,Mansour Bahrami,75 46 63,galatina,256,Galatina,1983,challenger
,Francesco Cancellotti,Q,Emilio Sanchez,64 63,galatina,256,Galatina,1983,challenger
1,Jimmy Brown,,Martin Jaite,63 75,galatina,256,Galatina,1983,challenger
2,Bruce Foxworth,,Luca Bottazzi,46 62 63,galatina,256,Galatina,1983,challenger
4,Roland Stadler,,Steve Krulevitz,64 26 64,galatina,256,Galatina,1983,challenger
5,Miguel Mir,,Peter Carlsson,62 64,galatina,256,Galatina,1983,challenger
6,Juan Aguilera,,Jorge Bardou,46 62 61,galatina,256,Galatina,1983,challenger
,Mansour Bahrami,,Frank Hamonet,63 76,galatina,256,Galatina,1983,challenger
,Francesco Cancellotti,,Huub Van Boeckel,62 63,galatina,256,Galatina,1983,challenger
Q,Emilio Sanchez,,Eric Wilborts,64 76,galatina,256,Galatina,1983,challenger
1,Jimmy Brown,,Miloslav Mecir Sr.,62 57 62,galatina,256,Galatina,1983,challenger
2,Bruce Foxworth,,Simone Colombo,36 63 62,galatina,256,Galatina,1983,challenger
,Eric Wilborts,3,Robert Reininger,63 64,galatina,256,Galatina,1983,challenger
4,Roland Stadler,,Antonio Zugarelli,75 64,galatina,256,Galatina,1983,challenger
5,Miguel Mir,,Ramiro Benavides,75 36 63,galatina,256,Galatina,1983,challenger
6,Juan Aguilera,,Franco Merlone,62 62,galatina,256,Galatina,1983,challenger
,Francesco Cancellotti,8,Juan Carlos Andrade,46 60 61,galatina,256,Galatina,1983,challenger
,Mansour Bahrami,,Bruce Derlin,64 63,galatina,256,Galatina,1983,challenger
,Jorge Bardou,,Ivan Dupasquier,62 16 76,galatina,256,Galatina,1983,challenger
,Luca Bottazzi,,Jose Garcia-Requena,64 63,galatina,256,Galatina,1983,challenger
,Peter Carlsson,,Edoardo Artaldi,62 63,galatina,256,Galatina,1983,challenger
,Frank Hamonet,,Eric Jelen,75 76,galatina,256,Galatina,1983,challenger
,Martin Jaite,,David Graham,57 63 64,galatina,256,Galatina,1983,challenger
,Steve Krulevitz,,Ivan Camus,62 63,galatina,256,Galatina,1983,challenger
Q,Emilio Sanchez,,Marcelo Ingaramo,63 06 62,galatina,256,Galatina,1983,challenger
,Huub Van Boeckel,Q,David De Miguel,67 76 75,galatina,256,Galatina,1983,challenger
,Leo Palin,,Joel Bailey,64 62,nagoya,217,Nagoya,1983,challenger
,Joel Bailey,1,Morris Skip Strode,62 26 64,nagoya,217,Nagoya,1983,challenger
,Leo Palin,,Greg Whitecross,67 76 63,nagoya,217,Nagoya,1983,challenger
1,Morris Skip Strode,,Jeff Turpin,63 62,nagoya,217,Nagoya,1983,challenger
,Joel Bailey,3) ,Shinichi Sakamoto,63 60,nagoya,217,Nagoya,1983,challenger
,Leo Palin,5,Charles Buzz Strode,63 64,nagoya,217,Nagoya,1983,challenger
,Greg Whitecross,,Leif Shiras,67 64 75,nagoya,217,Nagoya,1983,challenger
1,Morris Skip Strode,Q,Kenzo Ukon,57 63 63,nagoya,217,Nagoya,1983,challenger
,Leo Palin,2,John McCurdy,62 46 64,nagoya,217,Nagoya,1983,challenger
3) ,Shinichi Sakamoto,,Nial Brash,63 62,nagoya,217,Nagoya,1983,challenger
,Greg Whitecross,4,Charlie Fancutt,61 63,nagoya,217,Nagoya,1983,challenger
5,Charles Buzz Strode,,Eiji Takeuchi,62 76,nagoya,217,Nagoya,1983,challenger
,Jeff Turpin,8,Peter Johnston,62 36 75,nagoya,217,Nagoya,1983,challenger
,Joel Bailey,,Michael Wayman,76 61,nagoya,217,Nagoya,1983,challenger
,Leif Shiras,,David Dowlen,36 76 62,nagoya,217,Nagoya,1983,challenger
1,Morris Skip Strode,,Walter Redondo,46 63 62,nagoya,217,Nagoya,1983,challenger
2,John McCurdy,,Hitoshi Shirato,36 64 63,nagoya,217,Nagoya,1983,challenger
3) ,Shinichi Sakamoto,3,Tsuyoshi Fukui,62 63,nagoya,217,Nagoya,1983,challenger
4,Charlie Fancutt,,Bob Green,64 06 64,nagoya,217,Nagoya,1983,challenger
5,Charles Buzz Strode,Q,Chris Tregonning,61 63,nagoya,217,Nagoya,1983,challenger
,Joel Bailey,6,David Shaw,61 60,nagoya,217,Nagoya,1983,challenger
,Leif Shiras,7,Andy Kohlberg,64 61,nagoya,217,Nagoya,1983,challenger
8,Peter Johnston,Q,Masaru Suishu,64 62,nagoya,217,Nagoya,1983,challenger
,Jeff Turpin,8,Kenichi Hirai,62 62,nagoya,217,Nagoya,1983,challenger
,Nial Brash,,Shigeyuki Nishio,63 67 61,nagoya,217,Nagoya,1983,challenger
,David Dowlen,,John Frawley,64 46 60,nagoya,217,Nagoya,1983,challenger
,Leo Palin,Q,Beejong Sisson,67 76 63,nagoya,217,Nagoya,1983,challenger
,Eiji Takeuchi,,Simon Youl,76 16 63,nagoya,217,Nagoya,1983,challenger
Q,Kenzo Ukon,,Toshiyuki Tsuji,62 61,nagoya,217,Nagoya,1983,challenger
,Michael Wayman,,Toru Yonezawa,62 63,nagoya,217,Nagoya,1983,challenger
,Greg Whitecross,,Nobuya Tamura,64 75,nagoya,217,Nagoya,1983,challenger
3,Jimmy Brown,1,Corrado Barazzutti,61 62,parioli,218,Parioli,1983,challenger
1,Corrado Barazzutti,5,Sergio Casal,76 26 64,parioli,218,Parioli,1983,challenger
3,Jimmy Brown,2,Stefan Simonsson,63 64,parioli,218,Parioli,1983,challenger
1,Corrado Barazzutti,,Bruce Foxworth,76 62,parioli,218,Parioli,1983,challenger
2,Stefan Simonsson,,Ulrich Pinner,61 63,parioli,218,Parioli,1983,challenger
3,Jimmy Brown,,Ricardo Cano,60 61,parioli,218,Parioli,1983,challenger
5,Sergio Casal,,Francesco Cancellotti,61 46 62,parioli,218,Parioli,1983,challenger
1,Corrado Barazzutti,,Miguel Mir,61 63,parioli,218,Parioli,1983,challenger
2,Stefan Simonsson,,Tarik Benhabiles,64 75,parioli,218,Parioli,1983,challenger
3,Jimmy Brown,,Edoardo Mazza,62 62,parioli,218,Parioli,1983,challenger
5,Sergio Casal,,Carlos Castellan,63 63,parioli,218,Parioli,1983,challenger
,Bruce Foxworth,7,Givaldo Barbosa,64 46 75,parioli,218,Parioli,1983,challenger
,Francesco Cancellotti,,Jose Lopez-Maeso,76 36 64,parioli,218,Parioli,1983,challenger
,Ricardo Cano,,Per Hjertquist,62 62,parioli,218,Parioli,1983,challenger
,Ulrich Pinner,Q,Massimiliano Narducci,61 64,parioli,218,Parioli,1983,challenger
1,Corrado Barazzutti,,Jean-Marc Piacentile,75 63,parioli,218,Parioli,1983,challenger
2,Stefan Simonsson,,Gustavo Tiberti,60 62,parioli,218,Parioli,1983,challenger
3,Jimmy Brown,,Gianluca Rinaldini,75 63,parioli,218,Parioli,1983,challenger
,Jose Lopez-Maeso,4,Christophe Roger-Vasselin,62 63,parioli,218,Parioli,1983,challenger
5,Sergio Casal,,Jakob Hlasek,64 64,parioli,218,Parioli,1983,challenger
,Ricardo Cano,6,Alejandro Ganzabal,63 46 60,parioli,218,Parioli,1983,challenger
7,Givaldo Barbosa,,Jorge Bardou,16 76 61,parioli,218,Parioli,1983,challenger
,Ulrich Pinner,8,Freddie Sauer,64 64,parioli,218,Parioli,1983,challenger
,Tarik Benhabiles,,Juan Aguilera,62 63,parioli,218,Parioli,1983,challenger
,Francesco Cancellotti,,Pender Murphy,46 61 76,parioli,218,Parioli,1983,challenger
,Carlos Castellan,,Ney Keller,64 61,parioli,218,Parioli,1983,challenger
,Bruce Foxworth,,Juan Avendano,76 63,parioli,218,Parioli,1983,challenger
,Per Hjertquist,Q,Ivan Kley,64 61,parioli,218,Parioli,1983,challenger
,Edoardo Mazza,,Jim Gurfein,75 75,parioli,218,Parioli,1983,challenger
,Miguel Mir,,Christophe Bernelle,61 62,parioli,218,Parioli,1983,challenger
Q,Massimiliano Narducci,Q,Francisco Yunis,75 62,parioli,218,Parioli,1983,challenger
1,Robbie Venter,6,Broderick Dyke,64 36 63,santiago,257,Solihull,1983,challenger
1,Robbie Venter,3,Egan Adams,63 46 64,santiago,257,Solihull,1983,challenger
6,Broderick Dyke,2,John McCurdy,62 46 61,santiago,257,Solihull,1983,challenger
1,Robbie Venter,7,Jonathan Smith,76 75,santiago,257,Solihull,1983,challenger
2,John McCurdy,8,Andrew Jarrett,75 63,santiago,257,Solihull,1983,challenger
3,Egan Adams,,Gabriel Urpi,62 16 64,santiago,257,Solihull,1983,challenger
6,Broderick Dyke,,Steve Krulevitz,64 46 63,santiago,257,Solihull,1983,challenger
1,Robbie Venter,Q,Phil Lehnhoff,26 76 61,santiago,257,Solihull,1983,challenger
2,John McCurdy,,Klaus Eberhard,46 63 61,santiago,257,Solihull,1983,challenger
3,Egan Adams,,Jeremy Dier,62 64,santiago,257,Solihull,1983,challenger
,Steve Krulevitz,4,Frank Puncec,64 62,santiago,257,Solihull,1983,challenger
,Gabriel Urpi,5,Mike Myburg,06 76 61,santiago,257,Solihull,1983,challenger
6,Broderick Dyke,,Scott Lipton,60 75,santiago,257,Solihull,1983,challenger
7,Jonathan Smith,,Deon Joubert,62 46 63,santiago,257,Solihull,1983,challenger
8,Andrew Jarrett,Q,Raymond Moore,26 64 61,santiago,257,Solihull,1983,challenger
1,Robbie Venter,,Carlos Gomez,64 63,santiago,257,Solihull,1983,challenger
2,John McCurdy,,Nick Brown,62 63,santiago,257,Solihull,1983,challenger
3,Egan Adams,Q,Martin Guntrip,62 60,santiago,257,Solihull,1983,challenger
4,Frank Puncec,,Charlie Fancutt,63 64,santiago,257,Solihull,1983,challenger
5,Mike Myburg,,George Kalovelonis,63 64,santiago,257,Solihull,1983,challenger
6,Broderick Dyke,,Chris Bradnam,75 26 75,santiago,257,Solihull,1983,challenger
7,Jonathan Smith,,Syd Ball,64 67 61,santiago,257,Solihull,1983,challenger
8,Andrew Jarrett,,David Mustard,64 75,santiago,257,Solihull,1983,challenger
,Jeremy Dier,,Schalk Van Der Merwe,63 64,santiago,257,Solihull,1983,challenger
,Klaus Eberhard,,Peter Johnston,61 64,santiago,257,Solihull,1983,challenger
,Deon Joubert,,Richard Lewis,63 63,santiago,257,Solihull,1983,challenger
,Steve Krulevitz,Q,John Feaver,76 63,santiago,257,Solihull,1983,challenger
Q,Phil Lehnhoff,,Greg Whitecross,63 64,santiago,257,Solihull,1983,challenger
,Scott Lipton,,Huub Van Boeckel,75 67 62,santiago,257,Solihull,1983,challenger
Q,Raymond Moore,,David Schneider,26 75 75,santiago,257,Solihull,1983,challenger
,Gabriel Urpi,,Jeremy Bates,63 75,santiago,257,Solihull,1983,challenger
3,Robbie Venter,,Jeremy Bates,63 61,lee-on-solent,246,Lee-On-Solent,1983,challenger
3,Robbie Venter,,David Schneider,36 75 75,lee-on-solent,246,Lee-On-Solent,1983,challenger
,Jeremy Bates,,Scott Lipton,75 60,lee-on-solent,246,Lee-On-Solent,1983,challenger
,Scott Lipton,1,Bruce Foxworth,62 76,lee-on-solent,246,Lee-On-Solent,1983,challenger
3,Robbie Venter,6,Jonathan Smith,76 46 61,lee-on-solent,246,Lee-On-Solent,1983,challenger
,Jeremy Bates,,Syd Ball,62 63,lee-on-solent,246,Lee-On-Solent,1983,challenger
,David Schneider,,Nick Brown,76 75,lee-on-solent,246,Lee-On-Solent,1983,challenger
1,Bruce Foxworth,,George Kalovelonis,16 61 64,lee-on-solent,246,Lee-On-Solent,1983,challenger
3,Robbie Venter,Q,Bob Green,61 61,lee-on-solent,246,Lee-On-Solent,1983,challenger
6,Jonathan Smith,,Carlos Gomez,75 63,lee-on-solent,246,Lee-On-Solent,1983,challenger
,Jeremy Bates,7,Andrew Jarrett,75 64,lee-on-solent,246,Lee-On-Solent,1983,challenger
,Syd Ball,Q,Garth Haynes,60 46 64,lee-on-solent,246,Lee-On-Solent,1983,challenger
,Nick Brown,,Greg Whitecross,76 64,lee-on-solent,246,Lee-On-Solent,1983,challenger
,Scott Lipton,,Stuart Bale,62 62,lee-on-solent,246,Lee-On-Solent,1983,challenger
,David Schneider,,David Mustard,63 36 64,lee-on-solent,246,Lee-On-Solent,1983,challenger
1,Bruce Foxworth,,Brent Pirow,62 64,lee-on-solent,246,Lee-On-Solent,1983,challenger
,David Mustard,2,Jim Gurfein,16 62 60,lee-on-solent,246,Lee-On-Solent,1983,challenger
3,Robbie Venter,,Nick Fulwood,75 63,lee-on-solent,246,Lee-On-Solent,1983,challenger
,Syd Ball,4,Egan Adams,62 62,lee-on-solent,246,Lee-On-Solent,1983,challenger
,Scott Lipton,5,Frank Puncec,63 64,lee-on-solent,246,Lee-On-Solent,1983,challenger
6,Jonathan Smith,,David Shaw,63 61,lee-on-solent,246,Lee-On-Solent,1983,challenger
7,Andrew Jarrett,,Steve Shaw,63 61,lee-on-solent,246,Lee-On-Solent,1983,challenger
,Greg Whitecross,8,Charlie Fancutt,36 63 63,lee-on-solent,246,Lee-On-Solent,1983,challenger
,Stuart Bale,,Jeremy Dier,75 46 63,lee-on-solent,246,Lee-On-Solent,1983,challenger
,Jeremy Bates,,John Feaver,76 64,lee-on-solent,246,Lee-On-Solent,1983,challenger
,Nick Brown,,Phil Lehnhoff,64 62,lee-on-solent,246,Lee-On-Solent,1983,challenger
,Carlos Gomez,Q,Martin Guntrip,36 63 86,lee-on-solent,246,Lee-On-Solent,1983,challenger
Q,Bob Green,,Richard Lewis,61 57 75,lee-on-solent,246,Lee-On-Solent,1983,challenger
Q,Garth Haynes,,Deon Joubert,76 63,lee-on-solent,246,Lee-On-Solent,1983,challenger
,George Kalovelonis,,Stefan Svensson,63 63,lee-on-solent,246,Lee-On-Solent,1983,challenger
,David Schneider,,Steve Krulevitz,76 64,lee-on-solent,246,Lee-On-Solent,1983,challenger
,Leif Shiras,,Ross Case,61 60,spring,220,Spring,1983,challenger
,Leif Shiras,2,Lloyd Bourne,26 62 76,spring,220,Spring,1983,challenger
,Ross Case,,Sean Brawley,75 75,spring,220,Spring,1983,challenger
2,Lloyd Bourne,6,Andy Kohlberg,63 61,spring,220,Spring,1983,challenger
,Ross Case,5,Butch Walts,46 62 63,spring,220,Spring,1983,challenger
,Leif Shiras,7,Juan Farrow,76 76,spring,220,Spring,1983,challenger
,Sean Brawley,,David Dowlen,64 62,spring,220,Spring,1983,challenger
,Ross Case,1,Nduka Odizor,57 76 61,spring,220,Spring,1983,challenger
2,Lloyd Bourne,,Eric Sherbeck,60 63,spring,220,Spring,1983,challenger
,David Dowlen,3,Tony Giammalva,46 75 63,spring,220,Spring,1983,challenger
,Leif Shiras,4,Scott McCain,75 63,spring,220,Spring,1983,challenger
5,Butch Walts,,Cary Stansbury,46 75 76,spring,220,Spring,1983,challenger
6,Andy Kohlberg,,John Boytim,76 62,spring,220,Spring,1983,challenger
7,Juan Farrow,,Ernie Fernandez,67 63 63,spring,220,Spring,1983,challenger
,Sean Brawley,8,Jeff Turpin,64 63,spring,220,Spring,1983,challenger
1,Nduka Odizor,,Randy Druz,64 62,spring,220,Spring,1983,challenger
2,Lloyd Bourne,,Anand Amritraj,63 64,spring,220,Spring,1983,challenger
3,Tony Giammalva,,Martin Guntrip,64 60,spring,220,Spring,1983,challenger
4,Scott McCain,,Dacio Campos,62 63,spring,220,Spring,1983,challenger
5,Butch Walts,,Jose Ayala,76 54 (RET),spring,220,Spring,1983,challenger
6,Andy Kohlberg,,Andrew Pattison,62 67 75,spring,220,Spring,1983,challenger
7,Juan Farrow,,Mike Collins,76 62,spring,220,Spring,1983,challenger
8,Jeff Turpin,Q,Kevin Kerns,75 75,spring,220,Spring,1983,challenger
,John Boytim,Q,Robert Crames,63 62,spring,220,Spring,1983,challenger
,Sean Brawley,Q,Terry Ward,63 62,spring,220,Spring,1983,challenger
,Ross Case,,Todd Nelson,62 64,spring,220,Spring,1983,challenger
,David Dowlen,,Joel Hoffman,64 75,spring,220,Spring,1983,challenger
,Ernie Fernandez,,Jai Dilouie,75 62,spring,220,Spring,1983,challenger
,Eric Sherbeck,Q,Tres Cushing,(W/O),spring,220,Spring,1983,challenger
,Leif Shiras,,John Benson,61 26 61,spring,220,Spring,1983,challenger
,Cary Stansbury,,Glen Holroyd,62 64,spring,220,Spring,1983,challenger
3,Marko Ostoja,6,Scott Lipton,64 62,tampere,221,Tampere,1983,challenger
6,Scott Lipton,1,Pender Murphy,16 64 62,tampere,221,Tampere,1983,challenger
3,Marko Ostoja,5,Jim Gurfein,64 62,tampere,221,Tampere,1983,challenger
1,Pender Murphy,,Peter Svensson,63 76,tampere,221,Tampere,1983,challenger
3,Marko Ostoja,8,Bruce Derlin,62 64,tampere,221,Tampere,1983,challenger
5,Jim Gurfein,,Jorgen Windahl,64 46 76,tampere,221,Tampere,1983,challenger
6,Scott Lipton,,Eric Jelen,63 61,tampere,221,Tampere,1983,challenger
1,Pender Murphy,,Kimmo Alkio,76 61,tampere,221,Tampere,1983,challenger
,Jorgen Windahl,2,Tsuyoshi Fukui,62 61,tampere,221,Tampere,1983,challenger
3,Marko Ostoja,,Ulf Borjesson,,tampere,221,Tampere,1983,challenger
,Eric Jelen,4,Leo Palin,64 76,tampere,221,Tampere,1983,challenger
5,Jim Gurfein,,Peter Bastiansen,61 60,tampere,221,Tampere,1983,challenger
6,Scott Lipton,,Francois Servelle,76 62,tampere,221,Tampere,1983,challenger
8,Bruce Derlin,,Matti Timonen,60 36 63,tampere,221,Tampere,1983,challenger
,Peter Svensson,,Alejandro Cortes,46 62 76,tampere,221,Tampere,1983,challenger
1,Pender Murphy,,Richard Akel,61 62,tampere,221,Tampere,1983,challenger
2,Tsuyoshi Fukui,,Mika Hedman,64 76,tampere,221,Tampere,1983,challenger
3,Marko Ostoja,,Olli Rahnasto,63 63,tampere,221,Tampere,1983,challenger
4,Leo Palin,,Wes Horskins,61 64,tampere,221,Tampere,1983,challenger
5,Jim Gurfein,,Shahar Perkiss,75 62,tampere,221,Tampere,1983,challenger
6,Scott Lipton,,Peter Carlsson,64 36 63,tampere,221,Tampere,1983,challenger
8,Bruce Derlin,,Ronnie Bathman,64 75,tampere,221,Tampere,1983,challenger
,Kimmo Alkio,,David Schneider,57 64 62,tampere,221,Tampere,1983,challenger
,Peter Bastiansen,Q,Massimo Zampieri,64 62,tampere,221,Tampere,1983,challenger
,Ulf Borjesson,Q,Michael Mortensen,75 63,tampere,221,Tampere,1983,challenger
,Alejandro Cortes,Q,Jan Sandberg,76 (RET),tampere,221,Tampere,1983,challenger
,Eric Jelen,,Jon Levine,75 75,tampere,221,Tampere,1983,challenger
,Francois Servelle,,Mike Barr,63 64,tampere,221,Tampere,1983,challenger
,Peter Svensson,,Markku Illi,62 76,tampere,221,Tampere,1983,challenger
,Matti Timonen,,Christoph Zipf,64 46 63,tampere,221,Tampere,1983,challenger
,Jorgen Windahl,,Antti Eranne,60 62,tampere,221,Tampere,1983,challenger
,Hans-Dieter Beutel,Q,Jerome Vanier,67 63 64,dortmund,222,Dortmund,1983,challenger
Q,Jerome Vanier,6,Jim Gurfein,76 36 76,dortmund,222,Dortmund,1983,challenger
,Hans-Dieter Beutel,,Hans Schwaier,46 64 63,dortmund,222,Dortmund,1983,challenger
6,Jim Gurfein,,Christophe Freyss,63 60,dortmund,222,Dortmund,1983,challenger
,Hans-Dieter Beutel,LL,Gustavo Guerrero,64 76,dortmund,222,Dortmund,1983,challenger
,Hans Schwaier,,Ricardo Ycaza,61 61,dortmund,222,Dortmund,1983,challenger
Q,Jerome Vanier,,Luca Bottazzi,63 06 63,dortmund,222,Dortmund,1983,challenger
,Christophe Freyss,4,Peter Elter,61 63,dortmund,222,Dortmund,1983,challenger
LL,Gustavo Guerrero,5,Tsuyoshi Fukui,63 62,dortmund,222,Dortmund,1983,challenger
6,Jim Gurfein,,Peter Bastiansen,60 46 76,dortmund,222,Dortmund,1983,challenger
,Ricardo Ycaza,7,Karl Meiler,36 63 64,dortmund,222,Dortmund,1983,challenger
,Luca Bottazzi,16,Georges Goven,62 76,dortmund,222,Dortmund,1983,challenger
,Hans-Dieter Beutel,,Eduardo Bengoechea,75 75,dortmund,222,Dortmund,1983,challenger
,Hans Schwaier,,Colin Dowdeswell,16 64 64,dortmund,222,Dortmund,1983,challenger
Q,Jerome Vanier,,Rolf Gehring,57 64 63,dortmund,222,Dortmund,1983,challenger
Q,Jerome Vanier,1,Bruce Foxworth,67 76 62,dortmund,222,Dortmund,1983,challenger
,Eduardo Bengoechea,2,Derek Tarr,76 60,dortmund,222,Dortmund,1983,challenger
,Hans Schwaier,3,Julio Goes,75 64,dortmund,222,Dortmund,1983,challenger
4,Peter Elter,,David Mustard,64 46 62,dortmund,222,Dortmund,1983,challenger
5,Tsuyoshi Fukui,,Christo Steyn,36 60 75,dortmund,222,Dortmund,1983,challenger
6,Jim Gurfein,Q,Udo Riglewski,61 63,dortmund,222,Dortmund,1983,challenger
7,Karl Meiler,,Alvaro Fillol,62 60,dortmund,222,Dortmund,1983,challenger
,Luca Bottazzi,8,Ulrich Pinner,16 63 61,dortmund,222,Dortmund,1983,challenger
,Christophe Freyss,9,Ivan Kley,75 75,dortmund,222,Dortmund,1983,challenger
,Ricardo Ycaza,10,Frank Puncec,26 61 61,dortmund,222,Dortmund,1983,challenger
,Rolf Gehring,12,Rocky Royer,76 62,dortmund,222,Dortmund,1983,challenger
,Peter Bastiansen,13,Wayne Hampson,64 63,dortmund,222,Dortmund,1983,challenger
,Colin Dowdeswell,14,Ney Keller,64 62,dortmund,222,Dortmund,1983,challenger
,Hans-Dieter Beutel,15,Bruce Derlin,64 64,dortmund,222,Dortmund,1983,challenger
16,Georges Goven,,Raul Antonio Viver,57 62 64,dortmund,222,Dortmund,1983,challenger
LL,Gustavo Guerrero,Q,Jon Levine,36 64 64,dortmund,222,Dortmund,1983,challenger
,Peter Bastiansen,,Martin Wostenholme,63 61,dortmund,222,Dortmund,1983,challenger
,Eduardo Bengoechea,,Stefan Svensson,63 75,dortmund,222,Dortmund,1983,challenger
,Hans-Dieter Beutel,,Axel Krieg,61 62,dortmund,222,Dortmund,1983,challenger
,Luca Bottazzi,,Carlos Gattiker,62 64,dortmund,222,Dortmund,1983,challenger
,Colin Dowdeswell,,Christoph Zipf,75 57 64,dortmund,222,Dortmund,1983,challenger
,Alvaro Fillol,,Bruno Corbiere,67 61 63,dortmund,222,Dortmund,1983,challenger
,Christophe Freyss,,Ricardo Rivera,61 62,dortmund,222,Dortmund,1983,challenger
,Rolf Gehring,,Klaus Eberhard,76 76,dortmund,222,Dortmund,1983,challenger
Q,Jon Levine,,Max Wunschig,75 64,dortmund,222,Dortmund,1983,challenger
,David Mustard,Q,Hugo Roverano,76 60,dortmund,222,Dortmund,1983,challenger
Q,Udo Riglewski,,Alfonso Gonzalez,64 60,dortmund,222,Dortmund,1983,challenger
,Hans Schwaier,,Juan Carlos Andrade,75 26 60,dortmund,222,Dortmund,1983,challenger
,Christo Steyn,,Franco Merlone,76 63,dortmund,222,Dortmund,1983,challenger
Q,Jerome Vanier,Q,Jaromir Becka,76 64,dortmund,222,Dortmund,1983,challenger
,Raul Antonio Viver,,Andrew Jarrett,64 61,dortmund,222,Dortmund,1983,challenger
,Ricardo Ycaza,Q,Dacio Campos,16 64 63,dortmund,222,Dortmund,1983,challenger
,Roland Stadler,1,Victor Pecci Sr.,63 61,brescia,248,Brescia,1983,challenger
1,Victor Pecci Sr.,Q,Simone Colombo,76 60,brescia,248,Brescia,1983,challenger
,Roland Stadler,,Ivan Kley,62 61,brescia,248,Brescia,1983,challenger
1,Victor Pecci Sr.,,Helmar Stiegler,75 61,brescia,248,Brescia,1983,challenger
Q,Simone Colombo,3,Francesco Cancellotti,36 62 60,brescia,248,Brescia,1983,challenger
,Ivan Kley,,Paolo Cane,61 16 61,brescia,248,Brescia,1983,challenger
,Roland Stadler,Q,Fernando Soler,60 64,brescia,248,Brescia,1983,challenger
1,Victor Pecci Sr.,,Ricardo Ycaza,60 64,brescia,248,Brescia,1983,challenger
3,Francesco Cancellotti,,Paolo Bertolucci,61 36 64,brescia,248,Brescia,1983,challenger
Q,Fernando Soler,5,Julio Goes,46 62 63,brescia,248,Brescia,1983,challenger
,Helmar Stiegler,6,Tsuyoshi Fukui,63 63,brescia,248,Brescia,1983,challenger
,Ivan Kley,8,Bernhard Pils,76 26 75,brescia,248,Brescia,1983,challenger
,Paolo Cane,,Ney Keller,61 57 64,brescia,248,Brescia,1983,challenger
Q,Simone Colombo,,Huub Van Boeckel,75 75,brescia,248,Brescia,1983,challenger
,Roland Stadler,,Zeljko Franulovic,36 63 62,brescia,248,Brescia,1983,challenger
1,Victor Pecci Sr.,,Jean-Marc Piacentile,61 (RET),brescia,248,Brescia,1983,challenger
,Paolo Cane,2,Bruce Foxworth,62 63,brescia,248,Brescia,1983,challenger
3,Francesco Cancellotti,,Steve Krulevitz,76 61,brescia,248,Brescia,1983,challenger
,Zeljko Franulovic,4,Francisco Gonzalez,16 75 63,brescia,248,Brescia,1983,challenger
5,Julio Goes,,Eduardo Bengoechea,64 67 61,brescia,248,Brescia,1983,challenger
6,Tsuyoshi Fukui,,Gerald Mild,46 76 64,brescia,248,Brescia,1983,challenger
Q,Simone Colombo,7,Marko Ostoja,61 62,brescia,248,Brescia,1983,challenger
8,Bernhard Pils,Q,Antonio Zampieri,63 62,brescia,248,Brescia,1983,challenger
,Paolo Bertolucci,Q,Claudio Mezzadri,46 62 64,brescia,248,Brescia,1983,challenger
,Ney Keller,,Adriano Panatta,63 30 (RET),brescia,248,Brescia,1983,challenger
,Ivan Kley,,Slobodan Zivojinovic,62 67 61,brescia,248,Brescia,1983,challenger
Q,Fernando Soler,,Antonio Zugarelli,62 60,brescia,248,Brescia,1983,challenger
,Roland Stadler,,Andrew Jarrett,63 62,brescia,248,Brescia,1983,challenger
,Helmar Stiegler,,Bruce Derlin,67 75 61,brescia,248,Brescia,1983,challenger
,Huub Van Boeckel,,Juan Carlos Andrade,61 63,brescia,248,Brescia,1983,challenger
,Ricardo Ycaza,,Michele Fioroni,76 46 64,brescia,248,Brescia,1983,challenger
4,Michael Westphal,,Rolf Gehring,75 62,travemunde,249,Travemunde,1983,challenger
4,Michael Westphal,Q,Simone Colombo,62 64,travemunde,249,Travemunde,1983,challenger
,Rolf Gehring,,Raul Antonio Viver,62 64,travemunde,249,Travemunde,1983,challenger
4,Michael Westphal,,Jakob Hlasek,62 61,travemunde,249,Travemunde,1983,challenger
,Raul Antonio Viver,5,Ulrich Pinner,46 75 61,travemunde,249,Travemunde,1983,challenger
Q,Simone Colombo,,Eduardo Osta,64 63,travemunde,249,Travemunde,1983,challenger
,Rolf Gehring,,Eduardo Bengoechea,62 63,travemunde,249,Travemunde,1983,challenger
4,Michael Westphal,14,Jose Lopez-Maeso,61 63,travemunde,249,Travemunde,1983,challenger
5,Ulrich Pinner,Q,Christo Steyn,16 64 64,travemunde,249,Travemunde,1983,challenger
,Raul Antonio Viver,12,Jean-Marc Piacentile,26 62 61,travemunde,249,Travemunde,1983,challenger
,Eduardo Bengoechea,,Harald Theissen,62 60,travemunde,249,Travemunde,1983,challenger
Q,Simone Colombo,,Hans Kary,64 63,travemunde,249,Travemunde,1983,challenger
,Rolf Gehring,,Hans Schwaier,62 36 61,travemunde,249,Travemunde,1983,challenger
,Jakob Hlasek,,Rory Chappell,64 36 62,travemunde,249,Travemunde,1983,challenger
,Eduardo Osta,,Peter Carlsson,26 61 31 (RET),travemunde,249,Travemunde,1983,challenger
,Eduardo Osta,1,Tsuyoshi Fukui,75 64,travemunde,249,Travemunde,1983,challenger
,Raul Antonio Viver,2,Roland Stadler,57 61 60,travemunde,249,Travemunde,1983,challenger
,Harald Theissen,3,Per Hjertquist,63 26 62,travemunde,249,Travemunde,1983,challenger
4,Michael Westphal,Q,Ronnie Bathman,63 61,travemunde,249,Travemunde,1983,challenger
5,Ulrich Pinner,,Peter Johnston,63 64,travemunde,249,Travemunde,1983,challenger
,Jakob Hlasek,6,Hans-Dieter Beutel,64 36 76,travemunde,249,Travemunde,1983,challenger
,Hans Kary,7,Patrice Kuchna,26 75 75,travemunde,249,Travemunde,1983,challenger
,Hans Schwaier,8,Schalk Van Der Merwe,64 62,travemunde,249,Travemunde,1983,challenger
Q,Christo Steyn,9,Mike Myburg,75 63,travemunde,249,Travemunde,1983,challenger
,Rory Chappell,11,Frank Puncec,63 62,travemunde,249,Travemunde,1983,challenger
12,Jean-Marc Piacentile,,Luca Bottazzi,64 63,travemunde,249,Travemunde,1983,challenger
,Rolf Gehring,13,Rocky Royer,61 60,travemunde,249,Travemunde,1983,challenger
14,Jose Lopez-Maeso,,Huub Van Boeckel,63 62,travemunde,249,Travemunde,1983,challenger
Q,Simone Colombo,15,Jorgen Windahl,60 61,travemunde,249,Travemunde,1983,challenger
,Eduardo Bengoechea,,Hugo Roverano,61 20 (RET),travemunde,249,Travemunde,1983,challenger
,Peter Carlsson,,Sean Brawley,75 75,travemunde,249,Travemunde,1983,challenger
Q,Ronnie Bathman,,Ricardo Rivera,64 63,travemunde,249,Travemunde,1983,challenger
,Eduardo Bengoechea,,Juan Carlos Andrade,62 61,travemunde,249,Travemunde,1983,challenger
,Luca Bottazzi,,Jaromir Becka,63 36 76,travemunde,249,Travemunde,1983,challenger
,Peter Carlsson,,Franco Merlone,61 62,travemunde,249,Travemunde,1983,challenger
,Rory Chappell,,Ulf Fischer,16 64 61,travemunde,249,Travemunde,1983,challenger
Q,Simone Colombo,,Ricki Osterthun,76 61,travemunde,249,Travemunde,1983,challenger
,Rolf Gehring,,David Mustard,26 61,travemunde,249,Travemunde,1983,challenger
,Jakob Hlasek,Q,Christian Jessel,46 63 62,travemunde,249,Travemunde,1983,challenger
,Peter Johnston,,Jeff Schneider,60 61,travemunde,249,Travemunde,1983,challenger
,Hans Kary,Q,Brent Pirow,76 63,travemunde,249,Travemunde,1983,challenger
,Eduardo Osta,,Slobodan Zivojinovic,62 62,travemunde,249,Travemunde,1983,challenger
,Hans Schwaier,,Carlos Gattiker,62 75,travemunde,249,Travemunde,1983,challenger
Q,Christo Steyn,,Gerald Mild,62 63,travemunde,249,Travemunde,1983,challenger
,Harald Theissen,Q,Roberto Arguello,62 62,travemunde,249,Travemunde,1983,challenger
,Huub Van Boeckel,,Greg Whitecross,63 63,travemunde,249,Travemunde,1983,challenger
,Raul Antonio Viver,,Rick Fagel,64 63,travemunde,249,Travemunde,1983,challenger
,Rolf Gehring,,Jose Lopez-Maeso,64 63,bloemfontein,258,Essen,1983,challenger
,Rolf Gehring,,Rick Fagel,63 62,bloemfontein,258,Essen,1983,challenger
,Jose Lopez-Maeso,,Steve Meister,63 62,bloemfontein,258,Essen,1983,challenger
,Rick Fagel,2,Joakim Nystrom,62 64,bloemfontein,258,Essen,1983,challenger
,Rolf Gehring,4,Peter Elter,63 75,bloemfontein,258,Essen,1983,challenger
,Steve Meister,6,Scott Lipton,61 62,bloemfontein,258,Essen,1983,challenger
,Jose Lopez-Maeso,,David Mustard,63 62,bloemfontein,258,Essen,1983,challenger
2,Joakim Nystrom,Q,Gustavo Guerrero,46 61 64,bloemfontein,258,Essen,1983,challenger
4,Peter Elter,13,Jaroslav Navratil,62 64,bloemfontein,258,Essen,1983,challenger
6,Scott Lipton,,Harald Theissen,60 76,bloemfontein,258,Essen,1983,challenger
,David Mustard,7,Martin Jaite,76 75,bloemfontein,258,Essen,1983,challenger
,Rick Fagel,10,Karl Meiler,36 75 64,bloemfontein,258,Essen,1983,challenger
,Rolf Gehring,Q,Christo Steyn,62 75,bloemfontein,258,Essen,1983,challenger
,Jose Lopez-Maeso,,Marty Davis,63 62,bloemfontein,258,Essen,1983,challenger
,Steve Meister,,Eduardo Bengoechea,76 62,bloemfontein,258,Essen,1983,challenger
,Jose Lopez-Maeso,1,Magnus Tideman,63 63,bloemfontein,258,Essen,1983,challenger
2,Joakim Nystrom,,Eric Jelen,61 63,bloemfontein,258,Essen,1983,challenger
,Eduardo Bengoechea,3,Tsuyoshi Fukui,63 57 62,bloemfontein,258,Essen,1983,challenger
4,Peter Elter,Q,Klaus Eberhard,64 76,bloemfontein,258,Essen,1983,challenger
,Rick Fagel,5,Per Hjertquist,61 63,bloemfontein,258,Essen,1983,challenger
6,Scott Lipton,,Jaromir Becka,64 61,bloemfontein,258,Essen,1983,challenger
7,Martin Jaite,Q,Stefan Hermann,63 64,bloemfontein,258,Essen,1983,challenger
,Rolf Gehring,8,Jim Gurfein,16 61 60,bloemfontein,258,Essen,1983,challenger
,Harald Theissen,9,Ulrich Pinner,62 61,bloemfontein,258,Essen,1983,challenger
10,Karl Meiler,,Juan Carlos Andrade,61 63,bloemfontein,258,Essen,1983,challenger
,Steve Meister,11,Zeljko Franulovic,16 76 63,bloemfontein,258,Essen,1983,challenger
Q,Gustavo Guerrero,12,Mike Myburg,64 61,bloemfontein,258,Essen,1983,challenger
13,Jaroslav Navratil,,Lars Ewaldsen,64 64,bloemfontein,258,Essen,1983,challenger
,Marty Davis,14,Hans-Peter Kandler,62 63,bloemfontein,258,Essen,1983,challenger
Q,Christo Steyn,15,Frank Puncec,63 63,bloemfontein,258,Essen,1983,challenger
,David Mustard,16,Jean-Marc Piacentile,36 62 76,bloemfontein,258,Essen,1983,challenger
,Juan Carlos Andrade,,Raul Antonio Viver,61 63,bloemfontein,258,Essen,1983,challenger
,Jaromir Becka,,Luca Bottazzi,64 62,bloemfontein,258,Essen,1983,challenger
,Eduardo Bengoechea,,Peter Johnston,75 61,bloemfontein,258,Essen,1983,challenger
,Marty Davis,Q,Emilio Sanchez,63 63,bloemfontein,258,Essen,1983,challenger
Q,Klaus Eberhard,,Eduardo Osta,62 63,bloemfontein,258,Essen,1983,challenger
,Lars Ewaldsen,,Miguel Mir,63 63,bloemfontein,258,Essen,1983,challenger
,Rick Fagel,,Fernando Soler,06 64 75,bloemfontein,258,Essen,1983,challenger
,Rolf Gehring,,Hans Schwaier,36 61 75,bloemfontein,258,Essen,1983,challenger
Q,Gustavo Guerrero,,Udo Riglewski,76 62,bloemfontein,258,Essen,1983,challenger
Q,Stefan Hermann,,Jeremy Bates,75 62,bloemfontein,258,Essen,1983,challenger
,Eric Jelen,Q,Ronnie Bathman,61 63,bloemfontein,258,Essen,1983,challenger
,Jose Lopez-Maeso,,Rocky Royer,63 64,bloemfontein,258,Essen,1983,challenger
,Steve Meister,,Greg Whitecross,61 63,bloemfontein,258,Essen,1983,challenger
,David Mustard,,Stefan Svensson,63 63,bloemfontein,258,Essen,1983,challenger
Q,Christo Steyn,,Haroon Ismail,61 60,bloemfontein,258,Essen,1983,challenger
,Harald Theissen,,Wayne Hampson,63 64,bloemfontein,258,Essen,1983,challenger
2,Julio Goes,1,Carlos Kirmayr,62 63,munich,259,Santos,1983,challenger
1,Carlos Kirmayr,,Javier Restrepo,64 64,munich,259,Santos,1983,challenger
2,Julio Goes,5,Ivan Kley,75 57 64,munich,259,Santos,1983,challenger
1,Carlos Kirmayr,6,Leo Palin,64 64,munich,259,Santos,1983,challenger
2,Julio Goes,7,Junie Chatman,63 26 64,munich,259,Santos,1983,challenger
5,Ivan Kley,4,Bruce Kleege,76 67 61,munich,259,Santos,1983,challenger
,Javier Restrepo,Q,Daniel Montes De Oca,61 64,munich,259,Santos,1983,challenger
1,Carlos Kirmayr,,Cesar Kist,61 62,munich,259,Santos,1983,challenger
2,Julio Goes,,Fernando Roese,62 63,munich,259,Santos,1983,challenger
4,Bruce Kleege,,Dacio Campos,63 64,munich,259,Santos,1983,challenger
5,Ivan Kley,,Leif Shiras,63 62,munich,259,Santos,1983,challenger
6,Leo Palin,,Carlos Soares,61 64,munich,259,Santos,1983,challenger
7,Junie Chatman,,Eleuterio Martins,63 26 64,munich,259,Santos,1983,challenger
Q,Daniel Montes De Oca,,Edvaldo Oliveira,61 61,munich,259,Santos,1983,challenger
,Javier Restrepo,,Tadeu Luiz,64 64,munich,259,Santos,1983,challenger
1,Carlos Kirmayr,,Joao Lobo,60 62,munich,259,Santos,1983,challenger
2,Julio Goes,Q,Alexandre Hocevar,64 76,munich,259,Santos,1983,challenger
4,Bruce Kleege,,Philippe Pinet,64 75,munich,259,Santos,1983,challenger
5,Ivan Kley,,Carlos Chabalgoity,63 62,munich,259,Santos,1983,challenger
6,Leo Palin,,Renato Joaquim,63 67 61,munich,259,Santos,1983,challenger
7,Junie Chatman,Q,Armando Cornejo,62 61,munich,259,Santos,1983,challenger
Q,Daniel Montes De Oca,8,Ney Keller,62 63,munich,259,Santos,1983,challenger
,Dacio Campos,,Jose Moreira,63 64,munich,259,Santos,1983,challenger
,Cesar Kist,,Jose Schmidt,63 57 75,munich,259,Santos,1983,challenger
,Tadeu Luiz,,Celso Sacomandi,36 61 62,munich,259,Santos,1983,challenger
,Eleuterio Martins,Q,Roger Guedes,67 76 63,munich,259,Santos,1983,challenger
,Edvaldo Oliveira,,Paulo Wildmann,64 64,munich,259,Santos,1983,challenger
,Javier Restrepo,,Jose Daher,76 62,munich,259,Santos,1983,challenger
,Fernando Roese,,Luiz Muller,64 62,munich,259,Santos,1983,challenger
,Leif Shiras,,Antonio Morandini,75 36 64,munich,259,Santos,1983,challenger
,Carlos Soares,,Alberto Kulmann,60 75,munich,259,Santos,1983,challenger
,Rocky Royer,1,Carlos Kirmayr,76 36 63,campinas,225,Campos,1983,challenger
1,Carlos Kirmayr,6,Givaldo Barbosa,76 76,campinas,225,Campos,1983,challenger
,Rocky Royer,,Fernando Roese,65 76,campinas,225,Campos,1983,challenger
1,Carlos Kirmayr,Q,Roger Guedes,36 63 62,campinas,225,Campos,1983,challenger
6,Givaldo Barbosa,,Junie Chatman,16 63 64,campinas,225,Campos,1983,challenger
,Fernando Roese,,Ney Keller,63 64,campinas,225,Campos,1983,challenger
,Rocky Royer,,Thomas Koch,67 76 62,campinas,225,Campos,1983,challenger
1,Carlos Kirmayr,,Joao Lobo,61 63,campinas,225,Campos,1983,challenger
,Ney Keller,2,Joao Soares,64 75,campinas,225,Campos,1983,challenger
,Rocky Royer,3,Julio Goes,64 46 64,campinas,225,Campos,1983,challenger
6,Givaldo Barbosa,,Mike Barr,62 60,campinas,225,Campos,1983,challenger
Q,Roger Guedes,8,Leo Palin,63 64,campinas,225,Campos,1983,challenger
,Junie Chatman,,Jose Daher,63 75,campinas,225,Campos,1983,challenger
,Thomas Koch,,Carlos Chabalgoity,67 63 64,campinas,225,Campos,1983,challenger
,Fernando Roese,,Javier Restrepo,61 75,campinas,225,Campos,1983,challenger
1,Carlos Kirmayr,,Leif Shiras,64 61,campinas,225,Campos,1983,challenger
2,Joao Soares,,Edvaldo Oliveira,64 75,campinas,225,Campos,1983,challenger
3,Julio Goes,,Dacio Campos,62 64,campinas,225,Campos,1983,challenger
,Jose Daher,4,Bruce Kleege,76 64,campinas,225,Campos,1983,challenger
,Thomas Koch,5,Martin Jaite,62 62,campinas,225,Campos,1983,challenger
6,Givaldo Barbosa,Q,Alexandre Hocevar,62 61,campinas,225,Campos,1983,challenger
,Javier Restrepo,7,Ivan Kley,60 (RET),campinas,225,Campos,1983,challenger
8,Leo Palin,,Jose Schmidt,46 75 61,campinas,225,Campos,1983,challenger
,Mike Barr,,Cesar Kist,75 64,campinas,225,Campos,1983,challenger
,Carlos Chabalgoity,,Marcelo Hennemann,62 75,campinas,225,Campos,1983,challenger
,Junie Chatman,,Philippe Pinet,61 63,campinas,225,Campos,1983,challenger
Q,Roger Guedes,,Eleuterio Martins,62 63,campinas,225,Campos,1983,challenger
,Ney Keller,Q,Daniel Montes De Oca,64 62,campinas,225,Campos,1983,challenger
,Joao Lobo,,Jose Wasserfirer,62 63,campinas,225,Campos,1983,challenger
,Fernando Roese,,Renato Joaquim,60 16 64,campinas,225,Campos,1983,challenger
,Rocky Royer,Q,Paulo Wildmann,62 64,campinas,225,Campos,1983,challenger
1,Tomas Smid,,Trevor Allan,75 64,ulm,227,Neu Ulm,1983,challenger
1,Tomas Smid,,Jaroslav Navratil,61 61,ulm,227,Neu Ulm,1983,challenger
,Trevor Allan,,Stefan Hermann,61 64,ulm,227,Neu Ulm,1983,challenger
1,Tomas Smid,,Miloslav Mecir Sr.,76 63,ulm,227,Neu Ulm,1983,challenger
,Stefan Hermann,2,Balazs Taroczy,64 63,ulm,227,Neu Ulm,1983,challenger
,Jaroslav Navratil,4,Michiel Schapers,46 61 62,ulm,227,Neu Ulm,1983,challenger
,Trevor Allan,Q,Simone Colombo,75 62,ulm,227,Neu Ulm,1983,challenger
1,Tomas Smid,Q,Paul Vojtischek,36 64 75,ulm,227,Neu Ulm,1983,challenger
2,Balazs Taroczy,16,Gustavo Tiberti,76 61,ulm,227,Neu Ulm,1983,challenger
4,Michiel Schapers,13,Hans-Dieter Beutel,63 61,ulm,227,Neu Ulm,1983,challenger
,Stefan Hermann,7,Ulrich Pinner,64 75,ulm,227,Neu Ulm,1983,challenger
,Miloslav Mecir Sr.,12,Per Hjertquist,61 75,ulm,227,Neu Ulm,1983,challenger
,Trevor Allan,,Hans Schwaier,62 64,ulm,227,Neu Ulm,1983,challenger
Q,Simone Colombo,,Christo Steyn,63 75,ulm,227,Neu Ulm,1983,challenger
,Jaroslav Navratil,,Jonathan Smith,64 62,ulm,227,Neu Ulm,1983,challenger
1,Tomas Smid,,Huub Van Boeckel,62 64,ulm,227,Neu Ulm,1983,challenger
2,Balazs Taroczy,,Fernando Soler,64 60,ulm,227,Neu Ulm,1983,challenger
,Trevor Allan,3,Heinz Gunthardt,63 62,ulm,227,Neu Ulm,1983,challenger
4,Michiel Schapers,,Ronnie Bathman,36 76 63,ulm,227,Neu Ulm,1983,challenger
,Miloslav Mecir Sr.,5,Peter Elter,63 64,ulm,227,Neu Ulm,1983,challenger
7,Ulrich Pinner,,Christoph Zipf,16 61 64,ulm,227,Neu Ulm,1983,challenger
,Jonathan Smith,8,Andreas Maurer,64 64,ulm,227,Neu Ulm,1983,challenger
Q,Paul Vojtischek,9,Bernhard Pils,36 62 63,ulm,227,Neu Ulm,1983,challenger
,Christo Steyn,10,Freddie Sauer,62 61,ulm,227,Neu Ulm,1983,challenger
12,Per Hjertquist,Q,Sean Sorensen,26 76 63,ulm,227,Neu Ulm,1983,challenger
13,Hans-Dieter Beutel,,Hans Kary,64 62,ulm,227,Neu Ulm,1983,challenger
,Hans Schwaier,14,Karl Meiler,61 62,ulm,227,Neu Ulm,1983,challenger
,Jaroslav Navratil,15,Zeljko Franulovic,62 62,ulm,227,Neu Ulm,1983,challenger
16,Gustavo Tiberti,,Eric Jelen,63 60,ulm,227,Neu Ulm,1983,challenger
Q,Simone Colombo,,Nick Brown,62 62,ulm,227,Neu Ulm,1983,challenger
,Stefan Hermann,,Jose Lopez-Maeso,63 76,ulm,227,Neu Ulm,1983,challenger
,Trevor Allan,,Harald Theissen,61 36 62,ulm,227,Neu Ulm,1983,challenger
,Ronnie Bathman,,Jaromir Becka,75 64,ulm,227,Neu Ulm,1983,challenger
Q,Simone Colombo,,Miguel Mir,64 63,ulm,227,Neu Ulm,1983,challenger
,Eric Jelen,,Thomas Stalhandske,76 64,ulm,227,Neu Ulm,1983,challenger
,Hans Kary,,Florian Ebner,63 64,ulm,227,Neu Ulm,1983,challenger
,Jose Lopez-Maeso,,Hans-Peter Kandler,63 46 62,ulm,227,Neu Ulm,1983,challenger
,Miloslav Mecir Sr.,,Christophe Freyss,62 64,ulm,227,Neu Ulm,1983,challenger
,Jaroslav Navratil,,Andrew Jarrett,67 62 62,ulm,227,Neu Ulm,1983,challenger
,Hans Schwaier,,Peter Johnston,63 63,ulm,227,Neu Ulm,1983,challenger
,Jonathan Smith,,Rory Chappell,60 63,ulm,227,Neu Ulm,1983,challenger
,Fernando Soler,,Jeremy Bates,64 61,ulm,227,Neu Ulm,1983,challenger
Q,Sean Sorensen,,Wolfgang Popp,64 64,ulm,227,Neu Ulm,1983,challenger
,Christo Steyn,,Helmut Beermann,76 32,ulm,227,Neu Ulm,1983,challenger
,Huub Van Boeckel,,Bruce Derlin,75 64,ulm,227,Neu Ulm,1983,challenger
Q,Paul Vojtischek,,Eduardo Bengoechea,61 63,ulm,227,Neu Ulm,1983,challenger
,Christoph Zipf,,Frew McMillan,63 64,ulm,227,Neu Ulm,1983,challenger
1,Pablo Arraya,2,Roberto Arguello,62 63,durban,260,Le Touquet,1983,challenger
1,Pablo Arraya,,Carlos Gattiker,67 64 60,durban,260,Le Touquet,1983,challenger
2,Roberto Arguello,6,Hans-Dieter Beutel,57 75 108,durban,260,Le Touquet,1983,challenger
1,Pablo Arraya,8,Fernando Soler,64 57 75,durban,260,Le Touquet,1983,challenger
2,Roberto Arguello,7,Gabriel Urpi,63 63,durban,260,Le Touquet,1983,challenger
6,Hans-Dieter Beutel,3,Patrice Kuchna,61 64,durban,260,Le Touquet,1983,challenger
,Carlos Gattiker,,Christophe Casa,62 63,durban,260,Le Touquet,1983,challenger
1,Pablo Arraya,,Alejandro Gattiker,62 63,durban,260,Le Touquet,1983,challenger
2,Roberto Arguello,,Jean-Louis Haillet,63 61,durban,260,Le Touquet,1983,challenger
3,Patrice Kuchna,,Eric Jelen,26 64 61,durban,260,Le Touquet,1983,challenger
,Christophe Casa,5,Trevor Allan,26 64 60,durban,260,Le Touquet,1983,challenger
6,Hans-Dieter Beutel,,Emilio Sanchez,61 75,durban,260,Le Touquet,1983,challenger
7,Gabriel Urpi,,Tarik Benhabiles,61 60,durban,260,Le Touquet,1983,challenger
8,Fernando Soler,Q,Nicholas Sido,62 60,durban,260,Le Touquet,1983,challenger
,Carlos Gattiker,,Thomas Stalhandske,63 61,durban,260,Le Touquet,1983,challenger
1,Pablo Arraya,,Gregoire Rafaitin,64 64,durban,260,Le Touquet,1983,challenger
2,Roberto Arguello,,Jacques Hervet,75 36 61,durban,260,Le Touquet,1983,challenger
3,Patrice Kuchna,,Luca Bottazzi,63 64,durban,260,Le Touquet,1983,challenger
,Thomas Stalhandske,4,Freddie Sauer,60 36 63,durban,260,Le Touquet,1983,challenger
5,Trevor Allan,,Hugo Nunez,76 61,durban,260,Le Touquet,1983,challenger
6,Hans-Dieter Beutel,,Peter Chiche,76 61,durban,260,Le Touquet,1983,challenger
7,Gabriel Urpi,Q,Amos Mansdorf,46 75 60,durban,260,Le Touquet,1983,challenger
8,Fernando Soler,Q,John Feaver,75 62,durban,260,Le Touquet,1983,challenger
,Tarik Benhabiles,Q,Howard Herr,62 75,durban,260,Le Touquet,1983,challenger
,Christophe Casa,,Wes Horskins,76 63,durban,260,Le Touquet,1983,challenger
,Carlos Gattiker,,Francois Servelle,36 61 63,durban,260,Le Touquet,1983,challenger
,Alejandro Gattiker,,Roberto Vizcaino,46 63 75,durban,260,Le Touquet,1983,challenger
,Jean-Louis Haillet,,Desmond Tyson,26 76 62,durban,260,Le Touquet,1983,challenger
,Eric Jelen,,Peter Johnston,57 63 63,durban,260,Le Touquet,1983,challenger
,Emilio Sanchez,,Steve Shaw,75 76,durban,260,Le Touquet,1983,challenger
Q,Nicholas Sido,,Helmar Stiegler,63 76,durban,260,Le Touquet,1983,challenger
,Henri De Wet,3,Pender Murphy,16 63 63,vigo,261,Vigo,1983,challenger
3,Pender Murphy,5,Gabriel Urpi,26 64 63,vigo,261,Vigo,1983,challenger
,Henri De Wet,,Luca Bottazzi,64 63,vigo,261,Vigo,1983,challenger
5,Gabriel Urpi,1,Roberto Arguello,36 76 62,vigo,261,Vigo,1983,challenger
3,Pender Murphy,,Ernesto Vazquez-Barreira,36 63 86,vigo,261,Vigo,1983,challenger
,Luca Bottazzi,Q,Horacio De La Pena,26 64 75,vigo,261,Vigo,1983,challenger
,Henri De Wet,Q,Francisco Maciel,76 60,vigo,261,Vigo,1983,challenger
1,Roberto Arguello,,Juan Rivera,62 64,vigo,261,Vigo,1983,challenger
3,Pender Murphy,,Juan Antonio Rodriguez,76 61,vigo,261,Vigo,1983,challenger
Q,Horacio De La Pena,4,Hans-Dieter Beutel,46 60 61,vigo,261,Vigo,1983,challenger
5,Gabriel Urpi,Q,Marcos Aurelio Gorriz,64 63,vigo,261,Vigo,1983,challenger
,Henri De Wet,6,Miguel Mir,67 60 64,vigo,261,Vigo,1983,challenger
,Luca Bottazzi,,Jan Kodes,64 63,vigo,261,Vigo,1983,challenger
Q,Francisco Maciel,,Ricardo Sanchez,36 76 61,vigo,261,Vigo,1983,challenger
,Ernesto Vazquez-Barreira,,Thomas Stalhandske,75 16 75,vigo,261,Vigo,1983,challenger
1,Roberto Arguello,,Emilio Sanchez,60 67 86,vigo,261,Vigo,1983,challenger
Q,Francisco Maciel,2,Juan Avendano,63 61,vigo,261,Vigo,1983,challenger
3,Pender Murphy,,Gregoire Rafaitin,76 64,vigo,261,Vigo,1983,challenger
4,Hans-Dieter Beutel,,Raul Antonio Viver,26 63 63,vigo,261,Vigo,1983,challenger
5,Gabriel Urpi,,Eric Jelen,64 61,vigo,261,Vigo,1983,challenger
6,Miguel Mir,,Lorenzo Fargas,76 64,vigo,261,Vigo,1983,challenger
,Ernesto Vazquez-Barreira,7,Eduardo Bengoechea,26 64 64,vigo,261,Vigo,1983,challenger
,Luca Bottazzi,8,Fernando Soler,76 36 86,vigo,261,Vigo,1983,challenger
Q,Horacio De La Pena,,Greg Neuhart,64 63,vigo,261,Vigo,1983,challenger
,Henri De Wet,,Jose Delafuente,75 46 62,vigo,261,Vigo,1983,challenger
Q,Marcos Aurelio Gorriz,,L. Fernandez,62 62,vigo,261,Vigo,1983,challenger
,Jan Kodes,,Roberto Vizcaino,46 75 62,vigo,261,Vigo,1983,challenger
,Juan Rivera,,Jorge Bardou,63 62,vigo,261,Vigo,1983,challenger
,Juan Antonio Rodriguez,,Christophe Casa,63 76,vigo,261,Vigo,1983,challenger
,Ricardo Sanchez,,Eduardo Oncins,63 46 63,vigo,261,Vigo,1983,challenger
,Thomas Stalhandske,,Juan Carlos Andrade,62 60,vigo,261,Vigo,1983,challenger
1,Mario Martinez,,Patrice Kuchna,67 60 97,messina,230,Messina,1983,challenger
1,Mario Martinez,Q,Johan Carlsson,46 62 62,messina,230,Messina,1983,challenger
,Patrice Kuchna,,Peter Carlsson,64 63,messina,230,Messina,1983,challenger
1,Mario Martinez,7,Juan Aguilera,63 16 64,messina,230,Messina,1983,challenger
Q,Johan Carlsson,3,Pablo Arraya,75 26 64,messina,230,Messina,1983,challenger
,Peter Carlsson,,Trevor Allan,75 63,messina,230,Messina,1983,challenger
,Patrice Kuchna,,Jan Sandberg,62 61,messina,230,Messina,1983,challenger
1,Mario Martinez,,Bruno Capineri,64 61,messina,230,Messina,1983,challenger
,Jan Sandberg,2,Corrado Barazzutti,76 62,messina,230,Messina,1983,challenger
3,Pablo Arraya,,Hans-Dieter Beutel,60 63,messina,230,Messina,1983,challenger
7,Juan Aguilera,Q,Thomas Stalhandske,62 61,messina,230,Messina,1983,challenger
,Trevor Allan,,Ricardo Cano,62 63,messina,230,Messina,1983,challenger
,Peter Carlsson,Q,Richard Lewis,64 62,messina,230,Messina,1983,challenger
Q,Johan Carlsson,,Frank Puncec,26 62 63,messina,230,Messina,1983,challenger
,Patrice Kuchna,,Edoardo Mazza,63 64,messina,230,Messina,1983,challenger
1,Mario Martinez,,Stefan Svensson,63 63,messina,230,Messina,1983,challenger
2,Corrado Barazzutti,,Pedro Rebolledo,64 75,messina,230,Messina,1983,challenger
3,Pablo Arraya,,Fernando Soler,46 63 61,messina,230,Messina,1983,challenger
,Trevor Allan,4,Hans Schwaier,76 76,messina,230,Messina,1983,challenger
Q,Johan Carlsson,6,Pender Murphy,64 63,messina,230,Messina,1983,challenger
7,Juan Aguilera,,Schalk Van Der Merwe,36 63 62,messina,230,Messina,1983,challenger
Q,Richard Lewis,8,Miloslav Mecir Sr.,62 16 62,messina,230,Messina,1983,challenger
,Hans-Dieter Beutel,,Paolo Cane,16 64 63,messina,230,Messina,1983,challenger
,Ricardo Cano,,Gabriel Urpi,62 75,messina,230,Messina,1983,challenger
,Bruno Capineri,,Eduardo Bengoechea,46 63 62,messina,230,Messina,1983,challenger
,Peter Carlsson,,Alejandro Pierola,64 60,messina,230,Messina,1983,challenger
,Patrice Kuchna,,Francisco Yunis,63 63 86,messina,230,Messina,1983,challenger
,Edoardo Mazza,,Rory Chappell,60 61,messina,230,Messina,1983,challenger
,Frank Puncec,,Robert Reininger,36 75 61,messina,230,Messina,1983,challenger
,Jan Sandberg,Q,Morten Ronneberg,62 (RET),messina,230,Messina,1983,challenger
Q,Thomas Stalhandske,,Freddie Sauer,62 63,messina,230,Messina,1983,challenger
Q,Horacio De La Pena,,Rory Chappell,57 76 75,thessaloniki,232,Thessaloniki,1983,challenger
,Rory Chappell,5,Mike Myburg,63 26 60,thessaloniki,232,Thessaloniki,1983,challenger
Q,Horacio De La Pena,,Peter Carlsson,76 64,thessaloniki,232,Thessaloniki,1983,challenger
,Rory Chappell,1,Andy Andrews,64 06 64,thessaloniki,232,Thessaloniki,1983,challenger
5,Mike Myburg,Q,Steve Shaw,64 61,thessaloniki,232,Thessaloniki,1983,challenger
,Peter Carlsson,,Jacques Hervet,61 61,thessaloniki,232,Thessaloniki,1983,challenger
Q,Horacio De La Pena,,Billy Nealon,63 67 75,thessaloniki,232,Thessaloniki,1983,challenger
1,Andy Andrews,,Ramiro Benavides,62 67 75,thessaloniki,232,Thessaloniki,1983,challenger
Q,Steve Shaw,4,Leo Palin,67 63 62,thessaloniki,232,Thessaloniki,1983,challenger
5,Mike Myburg,Q,Javier Contreras,60 63,thessaloniki,232,Thessaloniki,1983,challenger
Q,Horacio De La Pena,7,Sean Brawley,62 46 63,thessaloniki,232,Thessaloniki,1983,challenger
,Rory Chappell,8,Christoph Zipf,26 63 64,thessaloniki,232,Thessaloniki,1983,challenger
,Peter Carlsson,,Peter Bastiansen,36 61 62,thessaloniki,232,Thessaloniki,1983,challenger
,Jacques Hervet,,Marco Armellini,64 64,thessaloniki,232,Thessaloniki,1983,challenger
,Billy Nealon,,Bill Csipkay,36 75 61,thessaloniki,232,Thessaloniki,1983,challenger
1,Andy Andrews,,Eric Jelen,62 64,thessaloniki,232,Thessaloniki,1983,challenger
,Peter Bastiansen,2,Eddie Edwards,62 64,thessaloniki,232,Thessaloniki,1983,challenger
,Billy Nealon,3,Martin Jaite,76 16 63,thessaloniki,232,Thessaloniki,1983,challenger
4,Leo Palin,,Paul Mammassis,63 61,thessaloniki,232,Thessaloniki,1983,challenger
5,Mike Myburg,,Stuart Bale,61 62,thessaloniki,232,Thessaloniki,1983,challenger
7,Sean Brawley,,Bruce Derlin,63 64,thessaloniki,232,Thessaloniki,1983,challenger
8,Christoph Zipf,,Nick Brown,67 64 63,thessaloniki,232,Thessaloniki,1983,challenger
,Marco Armellini,,Andrew Jarrett,64 76,thessaloniki,232,Thessaloniki,1983,challenger
,Ramiro Benavides,,Tres Cushing,46 61 62,thessaloniki,232,Thessaloniki,1983,challenger
,Peter Carlsson,,Ronnie Bathman,63 46 63,thessaloniki,232,Thessaloniki,1983,challenger
,Rory Chappell,,Martin Guntrip,76 76,thessaloniki,232,Thessaloniki,1983,challenger
Q,Javier Contreras,,Per Hjertquist,57 64 64,thessaloniki,232,Thessaloniki,1983,challenger
,Bill Csipkay,Q,Pasi Virtanen,75 76,thessaloniki,232,Thessaloniki,1983,challenger
Q,Horacio De La Pena,,Jon Levine,62 63,thessaloniki,232,Thessaloniki,1983,challenger
,Jacques Hervet,,Stefan Svensson,75 63,thessaloniki,232,Thessaloniki,1983,challenger
Q,Steve Shaw,,Mark Buckley,75 61,thessaloniki,232,Thessaloniki,1983,challenger
12,Simon Youl,4,John Frawley,36 75 62,east-london,262,Sydney,1983,challenger
4,John Frawley,1,Wally Masur,57 64 62,east-london,262,Sydney,1983,challenger
12,Simon Youl,,Lawrence Hall,61 62,east-london,262,Sydney,1983,challenger
1,Wally Masur,,Russell Barlow,64 62,east-london,262,Sydney,1983,challenger
4,John Frawley,6,Jonathan Canter,61 62,east-london,262,Sydney,1983,challenger
12,Simon Youl,,David Lewis,64 63,east-london,262,Sydney,1983,challenger
,Lawrence Hall,Q,Eduardo Oncins,61 64,east-london,262,Sydney,1983,challenger
1,Wally Masur,,Mark Kratzmann,60 62,east-london,262,Sydney,1983,challenger
12,Simon Youl,2,Chris Johnstone,63 62,east-london,262,Sydney,1983,challenger
4,John Frawley,,Ron Woodbridge,60 62,east-london,262,Sydney,1983,challenger
6,Jonathan Canter,11,Cliff Letcher,61 76,east-london,262,Sydney,1983,challenger
,Russell Barlow,8,Peter Johnston,64 75,east-london,262,Sydney,1983,challenger
,Lawrence Hall,10,Syd Ball,64 36 61,east-london,262,Sydney,1983,challenger
,David Lewis,,Hans Hansson,76 46 64,east-london,262,Sydney,1983,challenger
Q,Eduardo Oncins,,Brett Greenwood,57 76 63,east-london,262,Sydney,1983,challenger
1,Wally Masur,Q,Brad Properjohn,62 63,east-london,262,Sydney,1983,challenger
2,Chris Johnstone,,Michael Fancutt,62 62,east-london,262,Sydney,1983,challenger
Q,Eduardo Oncins,3,David Mustard,76 63,east-london,262,Sydney,1983,challenger
4,John Frawley,,Stephen Thompson,63 62,east-london,262,Sydney,1983,challenger
6,Jonathan Canter,,Brett Custer,60 62,east-london,262,Sydney,1983,challenger
8,Peter Johnston,,Mike Baroch,64 62,east-london,262,Sydney,1983,challenger
,Russell Barlow,9,Greg Whitecross,61 36 76,east-london,262,Sydney,1983,challenger
10,Syd Ball,,David Shaw,61 62,east-london,262,Sydney,1983,challenger
11,Cliff Letcher,,David Macpherson,63 63,east-london,262,Sydney,1983,challenger
12,Simon Youl,,Anthony Lane,63 63,east-london,262,Sydney,1983,challenger
,Mark Kratzmann,14,John Stoddart,63 63,east-london,262,Sydney,1983,challenger
,Brett Greenwood,15,Peter Carter,63 62,east-london,262,Sydney,1983,challenger
,Lawrence Hall,,Mark Woodforde,63 62,east-london,262,Sydney,1983,challenger
,Hans Hansson,,Steve Maloney,63 63,east-london,262,Sydney,1983,challenger
,David Lewis,Q,Mark McKee,63 64,east-london,262,Sydney,1983,challenger
,Ron Woodbridge,,Archie Adamopoulos,62 62,east-london,262,Sydney,1983,challenger
1,Wally Masur,,Peter Thrupp,60 60,east-london,262,Sydney,1983,challenger
2,Chris Johnstone,,Mark Jeffrey,61 61,east-london,262,Sydney,1983,challenger
3,David Mustard,,Desmond Tyson,36 76 75,east-london,262,Sydney,1983,challenger
4,John Frawley,,Mark Hartnett,61 61,east-london,262,Sydney,1983,challenger
,David Lewis,5,Phil Dent,64 76,east-london,262,Sydney,1983,challenger
6,Jonathan Canter,,Kelvin MacLean,62 62,east-london,262,Sydney,1983,challenger
8,Peter Johnston,Q,Paul Mick,62 60,east-london,262,Sydney,1983,challenger
9,Greg Whitecross,,Dermot Golden,61 64,east-london,262,Sydney,1983,challenger
10,Syd Ball,,Rod McLoughlin,61 63,east-london,262,Sydney,1983,challenger
11,Cliff Letcher,,Craig Tregonning,64 64,east-london,262,Sydney,1983,challenger
12,Simon Youl,,Bill Gilmour,64 62,east-london,262,Sydney,1983,challenger
14,John Stoddart,,Darren Cahill,62 76,east-london,262,Sydney,1983,challenger
15,Peter Carter,Q,Stephen Myers,63 63,east-london,262,Sydney,1983,challenger
,Archie Adamopoulos,,Marcus Smith,63 64,east-london,262,Sydney,1983,challenger
,Russell Barlow,,Robert Kilborn,76 62,east-london,262,Sydney,1983,challenger
,Mike Baroch,,Anthony Burke,46 63 62,east-london,262,Sydney,1983,challenger
,Brett Custer,,Adrian Targett,62 62,east-london,262,Sydney,1983,challenger
,Michael Fancutt,,Wes Horskins,67 64 64,east-london,262,Sydney,1983,challenger
,Brett Greenwood,,Chris Tregonning,36 76 64,east-london,262,Sydney,1983,challenger
,Lawrence Hall,,Jamie Harty,62 62,east-london,262,Sydney,1983,challenger
,Hans Hansson,,Stephen Furlong,61 60,east-london,262,Sydney,1983,challenger
,Mark Kratzmann,,Richard O'Farrell,62 61,east-london,262,Sydney,1983,challenger
,Anthony Lane,,Graham Riddle,64 64,east-london,262,Sydney,1983,challenger
,David Macpherson,,Mark Bertalli,63 64,east-london,262,Sydney,1983,challenger
,Steve Maloney,,Jason Wilkie,60 64,east-london,262,Sydney,1983,challenger
Q,Mark McKee,Q,Thierry Purini,63 62,east-london,262,Sydney,1983,challenger
Q,Eduardo Oncins,,Glenn Hamilton,62 62,east-london,262,Sydney,1983,challenger
Q,Brad Properjohn,,Kevin Manning,76 36 63,east-london,262,Sydney,1983,challenger
,David Shaw,,Brad Langevad,63 75,east-london,262,Sydney,1983,challenger
,Stephen Thompson,,Todd Viney,76 64,east-london,262,Sydney,1983,challenger
,Ron Woodbridge,Q,Richard Cahill,64 26 63,east-london,262,Sydney,1983,challenger
,Mark Woodforde,,Christian Schatz,63 64,east-london,262,Sydney,1983,challenger
1,Erick Iskersky,Q,Amos Mansdorf,64 46 75,helsinki,238,Helsinki,1983,challenger
1,Erick Iskersky,,Olli Rahnasto,63 62,helsinki,238,Helsinki,1983,challenger
Q,Amos Mansdorf,Q,Peter Lundgren,76 62,helsinki,238,Helsinki,1983,challenger
1,Erick Iskersky,7,Randy Druz,63 63,helsinki,238,Helsinki,1983,challenger
Q,Peter Lundgren,2,Leo Palin,26 63 60,helsinki,238,Helsinki,1983,challenger
Q,Amos Mansdorf,,Luca Bottazzi,64 63,helsinki,238,Helsinki,1983,challenger
,Olli Rahnasto,,Peter Bastiansen,62 63,helsinki,238,Helsinki,1983,challenger
1,Erick Iskersky,,Billy Nealon,63 75,helsinki,238,Helsinki,1983,challenger
2,Leo Palin,,Kimmo Alkio,64 64,helsinki,238,Helsinki,1983,challenger
,Olli Rahnasto,4,Peter Carlsson,63 61,helsinki,238,Helsinki,1983,challenger
,Luca Bottazzi,5,Harald Theissen,63 64,helsinki,238,Helsinki,1983,challenger
7,Randy Druz,,Stefan Svensson,64 46 30,helsinki,238,Helsinki,1983,challenger
Q,Peter Lundgren,8,Rand Evett,64 62,helsinki,238,Helsinki,1983,challenger
,Peter Bastiansen,,Anders Henricsson,64 46 62,helsinki,238,Helsinki,1983,challenger
Q,Amos Mansdorf,,Paolo Cane,63 61,helsinki,238,Helsinki,1983,challenger
1,Erick Iskersky,,Marc Flur,62 67 76,helsinki,238,Helsinki,1983,challenger
2,Leo Palin,,Matti Timonen,64 75,helsinki,238,Helsinki,1983,challenger
,Paolo Cane,3,Simone Colombo,63 76,helsinki,238,Helsinki,1983,challenger
4,Peter Carlsson,Q,Sean Sorensen,60 62,helsinki,238,Helsinki,1983,challenger
5,Harald Theissen,,Gerald Mild,64 63,helsinki,238,Helsinki,1983,challenger
7,Randy Druz,,Ronnie Bathman,60 16 63,helsinki,238,Helsinki,1983,challenger
8,Rand Evett,,Mika Hedman,76 62,helsinki,238,Helsinki,1983,challenger
,Kimmo Alkio,,Jacques Hervet,61 63,helsinki,238,Helsinki,1983,challenger
,Peter Bastiansen,,Ernie Fernandez,63 62,helsinki,238,Helsinki,1983,challenger
,Luca Bottazzi,,Peter Herrmann,64 63,helsinki,238,Helsinki,1983,challenger
,Anders Henricsson,,Michele Fioroni,62 62,helsinki,238,Helsinki,1983,challenger
Q,Peter Lundgren,,Richard Lewis,61 75,helsinki,238,Helsinki,1983,challenger
Q,Amos Mansdorf,,Danny Saltz,60 64,helsinki,238,Helsinki,1983,challenger
,Billy Nealon,,Pasi Virtanen,62 64,helsinki,238,Helsinki,1983,challenger
,Olli Rahnasto,,Jan Sandberg,63 64,helsinki,238,Helsinki,1983,challenger
,Stefan Svensson,,Ricardo Ycaza,64 60,helsinki,238,Helsinki,1983,challenger
1,Nduka Odizor,5,Ferrante Rocchi,64 62,benin-city,242,Benin City,1983,challenger
1,Nduka Odizor,,Ernie Fernandez,(W/O),benin-city,242,Benin City,1983,challenger
5,Ferrante Rocchi,4,Thierry Pham,64 46 64,benin-city,242,Benin City,1983,challenger
1,Nduka Odizor,6,David Imonitie,62 63,benin-city,242,Benin City,1983,challenger
4,Thierry Pham,2,Hans-Peter Kandler,62 36 63,benin-city,242,Benin City,1983,challenger
,Ernie Fernandez,3,Jacques Hervet,64 62,benin-city,242,Benin City,1983,challenger
5,Ferrante Rocchi,,Bernhard Pils,60 63,benin-city,242,Benin City,1983,challenger
1,Nduka Odizor,,Tony Mmoh,76 63,benin-city,242,Benin City,1983,challenger
2,Hans-Peter Kandler,,Greg Amaya,63 63,benin-city,242,Benin City,1983,challenger
3,Jacques Hervet,,Christoph Meyer,63 62,benin-city,242,Benin City,1983,challenger
4,Thierry Pham,,Fabrizio Fanucci,67 75 63,benin-city,242,Benin City,1983,challenger
5,Ferrante Rocchi,,Godwin Emeh,63 63,benin-city,242,Benin City,1983,challenger
6,David Imonitie,,Dominik Guido Utzinger,76 46 63,benin-city,242,Benin City,1983,challenger
,Ernie Fernandez,7,Marco Bellini,62 63,benin-city,242,Benin City,1983,challenger
,Bernhard Pils,8,Olayiwola Ogundrinde,61 61,benin-city,242,Benin City,1983,challenger
1,Nduka Odizor,,Bruno Capineri,76 60,benin-city,242,Benin City,1983,challenger
2,Hans-Peter Kandler,,Tony Mitchell,62 61,benin-city,242,Benin City,1983,challenger
3,Jacques Hervet,,Rotimi Akinloye,75 75,benin-city,242,Benin City,1983,challenger
4,Thierry Pham,,Marc Krippendorf,64 61,benin-city,242,Benin City,1983,challenger
5,Ferrante Rocchi,,Romanus Chuks Nwazu,61 61,benin-city,242,Benin City,1983,challenger
6,David Imonitie,,Remi Osho,76 64,benin-city,242,Benin City,1983,challenger
7,Marco Bellini,,Orlando Amen,61 64,benin-city,242,Benin City,1983,challenger
8,Olayiwola Ogundrinde,,Vincent Orlando,61 60,benin-city,242,Benin City,1983,challenger
,Greg Amaya,,Frank Apecehea,61 63,benin-city,242,Benin City,1983,challenger
,Godwin Emeh,,Haroon Ismail,61 46 62,benin-city,242,Benin City,1983,challenger
,Fabrizio Fanucci,,Alessandro De Minicis,63 62,benin-city,242,Benin City,1983,challenger
,Ernie Fernandez,,Sadiq Abdullahi,61 30 (ABN),benin-city,242,Benin City,1983,challenger
,Christoph Meyer,,Tim Robson,62 62,benin-city,242,Benin City,1983,challenger
,Tony Mmoh,,Bruno Rafaitin,63 62,benin-city,242,Benin City,1983,challenger
,Bernhard Pils,,Stephen Olagbegi,62 62,benin-city,242,Benin City,1983,challenger
,Dominik Guido Utzinger,,Mike Barr,75 75,benin-city,242,Benin City,1983,challenger
